<?xml version="1.0" encoding="utf-8"?>
<GraphicalInterface>
  <P Name="NumRootInports">0</P>
  <P Name="NumRootOutports">0</P>
  <P Name="ParameterArgumentNames"></P>
  <P Name="NumModelReferences">0</P>
  <P Name="NumTestPointedSignals">7</P>
  <TestPointedSignal>
    <P Name="SignalName"></P>
    <P Name="FullBlockPath">$bdroot/Airplane + Autopilot /Sum8</P>
    <P Name="LogSignal">1</P>
    <P Name="MaxPoints">5000</P>
    <P Name="Decimation">2</P>
  </TestPointedSignal>
  <TestPointedSignal>
    <P Name="SignalName"></P>
    <P Name="FullBlockPath">$bdroot/Output to Matlab and FlightGear/Lateral Euler Angles4</P>
    <P Name="LogSignal">1</P>
    <P Name="MaxPoints">5000</P>
    <P Name="Decimation">2</P>
  </TestPointedSignal>
  <TestPointedSignal>
    <P Name="SignalName"></P>
    <P Name="FullBlockPath">$bdroot/Output to Matlab and FlightGear/Mux3</P>
    <P Name="LogSignal">1</P>
    <P Name="MaxPoints">5000</P>
    <P Name="Decimation">2</P>
  </TestPointedSignal>
  <TestPointedSignal>
    <P Name="SignalName"></P>
    <P Name="FullBlockPath">$bdroot/Output to Matlab and FlightGear/Sum3</P>
    <P Name="LogSignal">1</P>
    <P Name="MaxPoints">5000</P>
    <P Name="Decimation">2</P>
  </TestPointedSignal>
  <TestPointedSignal>
    <P Name="SignalName"></P>
    <P Name="FullBlockPath">$bdroot/Output to Matlab and FlightGear/Sum7</P>
    <P Name="LogSignal">1</P>
    <P Name="MaxPoints">5000</P>
    <P Name="Decimation">2</P>
  </TestPointedSignal>
  <TestPointedSignal>
    <P Name="SignalName"></P>
    <P Name="FullBlockPath">$bdroot/Output to Matlab and FlightGear/airspeed (m//s to knots)</P>
    <P Name="LogSignal">1</P>
    <P Name="MaxPoints">5000</P>
    <P Name="Decimation">2</P>
  </TestPointedSignal>
  <TestPointedSignal>
    <P Name="SignalName"></P>
    <P Name="FullBlockPath">$bdroot/Output to Matlab and FlightGear/m//s to ft//min </P>
    <P Name="LogSignal">1</P>
    <P Name="MaxPoints">5000</P>
    <P Name="Decimation">2</P>
  </TestPointedSignal>
  <P Name="NumProvidedFunctions">0</P>
  <P Name="NumRequiredFunctions">0</P>
  <P Name="NumResetEvents">0</P>
  <P Name="HasInitializeEvent">0</P>
  <P Name="HasTerminateEvent">0</P>
  <P Name="IsExportFunctionModel">0</P>
  <P Name="NumParameterArguments">0</P>
  <P Name="OrderedModelArguments">1</P>
</GraphicalInterface>
