<?xml version="1.0" encoding="utf-8"?>
<Stateflow>
  <machine id="10">
    <P Name="created">30-Aug-2017 15:09:22</P>
    <P Name="isLibrary">0</P>
    <P Name="sfVersion">80000011</P>
    <Children>
      <target id="35" name="sfun">
        <P Name="description">Default Simulink S-Function Target.</P>
      </target>
      <chart id="11">
        <P Name="name">Output to Matlab and FlightGear/Stop Check</P>
        <P Name="windowPosition">[530 104 213 385]</P>
        <P Name="viewLimits">[0 156.75 0 153.75]</P>
        <P Name="screen">[1 1 1600 900 1.333333333333333]</P>
        <P Name="viewObj">11</P>
        <P Name="ssIdHighWaterMark">9</P>
        <P Name="decomposition">CLUSTER_CHART</P>
        <P Name="type">EML_CHART</P>
        <P Name="chartFileNumber">1</P>
        <P Name="disableImplicitCasting">1</P>
        <eml>
          <P Name="name">StopCheck</P>
        </eml>
        <Children>
          <state SSID="1">
            <P Name="labelString">eML_blk_kernel()</P>
            <P Name="position">[18 64.5 118 66]</P>
            <P Name="fontSize">12</P>
            <P Name="superState">SUBCHART</P>
            <P Name="subviewer">11</P>
            <P Name="type">FUNC_STATE</P>
            <P Name="decomposition">CLUSTER_STATE</P>
            <eml>
              <P Name="isEML">1</P>
              <P Name="script">function StopCD  = StopCheck(halt,vel)
%#codegen
if halt&lt;0 || vel&gt;240
    StopCD=1;
else
    StopCD=0;
end</P>
              <P Name="editorLayout" Class="double">Matrix(4,1)
[332.0, 480.0, 1080.0, 910.0]</P>
            </eml>
          </state>
          <data SSID="4" name="halt">
            <P Name="scope">INPUT_DATA</P>
            <props>
              <array>
                <P Name="size">-1</P>
              </array>
              <type>
                <P Name="method">SF_INHERITED_TYPE</P>
                <P Name="primitive">SF_DOUBLE_TYPE</P>
              </type>
              <P Name="complexity">SF_COMPLEX_INHERITED</P>
              <unit>
                <P Name="name">inherit</P>
              </unit>
            </props>
            <P Name="dataType">Inherit: Same as Simulink</P>
          </data>
          <data SSID="5" name="StopCD">
            <P Name="scope">OUTPUT_DATA</P>
            <props>
              <array>
                <P Name="size">-1</P>
              </array>
              <type>
                <P Name="method">SF_INHERITED_TYPE</P>
                <P Name="primitive">SF_DOUBLE_TYPE</P>
              </type>
              <P Name="complexity">SF_COMPLEX_INHERITED</P>
              <P Name="frame">SF_FRAME_NO</P>
              <unit>
                <P Name="name">inherit</P>
              </unit>
            </props>
            <P Name="dataType">Inherit: Same as Simulink</P>
          </data>
          <data SSID="9" name="vel">
            <P Name="scope">INPUT_DATA</P>
            <props>
              <array>
                <P Name="size">-1</P>
              </array>
              <type>
                <P Name="method">SF_INHERITED_TYPE</P>
                <P Name="primitive">SF_DOUBLE_TYPE</P>
                <P Name="isSigned">1</P>
                <P Name="wordLength">16</P>
              </type>
              <P Name="complexity">SF_COMPLEX_INHERITED</P>
              <P Name="frame">SF_FRAME_INHERITED</P>
              <unit>
                <P Name="name">inherit</P>
              </unit>
            </props>
            <P Name="dataType">Inherit: Same as Simulink</P>
          </data>
          <transition SSID="2">
            <P Name="labelString">{eML_blk_kernel();}</P>
            <P Name="labelPosition">[32.125 19.875 102.544 14.964]</P>
            <P Name="fontSize">12</P>
            <src>
              <P Name="intersection">[0 0 1 0 23.5747 14.625 0 0]</P>
            </src>
            <dst>
              <P Name="SSID">3</P>
              <P Name="intersection">[1 0 -1 0 23.5747 42.5747 0 0]</P>
            </dst>
            <P Name="midPoint">[23.5747 24.9468]</P>
            <P Name="dataLimits">[21.175 25.975 14.625 42.575]</P>
            <P Name="subviewer">11</P>
            <P Name="drawStyle">SMART</P>
            <slide>
              <P Name="sticky">BOTH_STICK</P>
            </slide>
            <P Name="executionOrder">1</P>
          </transition>
          <junction SSID="3">
            <P Name="position">[23.5747 49.5747 7]</P>
            <P Name="subviewer">11</P>
            <P Name="type">CONNECTIVE_JUNCTION</P>
          </junction>
        </Children>
      </chart>
      <chart id="19">
        <P Name="name">Airplane + Autopilot
/MATLAB Function</P>
        <P Name="windowPosition">[510 84 213 385]</P>
        <P Name="viewLimits">[0 156.75 0 153.75]</P>
        <P Name="screen">[1 1 1600 900 1.333333333333333]</P>
        <P Name="viewObj">19</P>
        <P Name="ssIdHighWaterMark">8</P>
        <P Name="decomposition">CLUSTER_CHART</P>
        <P Name="type">EML_CHART</P>
        <P Name="chartFileNumber">2</P>
        <P Name="disableImplicitCasting">1</P>
        <eml>
          <P Name="name">CalcR</P>
        </eml>
        <Children>
          <state SSID="1">
            <P Name="labelString">eML_blk_kernel()</P>
            <P Name="position">[18 64.5 118 66]</P>
            <P Name="fontSize">12</P>
            <P Name="superState">SUBCHART</P>
            <P Name="subviewer">19</P>
            <P Name="type">FUNC_STATE</P>
            <P Name="decomposition">CLUSTER_STATE</P>
            <eml>
              <P Name="isEML">1</P>
              <P Name="script">function Gamma  = CalcR(h,d)
%#codegen
R=(h)/sind(3)+d/tand(3);
Gamma=(d)/R;
</P>
              <P Name="editorLayout" Class="double">Matrix(4,1)
[332.0, 480.0, 1080.0, 910.0]</P>
            </eml>
          </state>
          <data SSID="4" name="h">
            <P Name="scope">INPUT_DATA</P>
            <props>
              <array>
                <P Name="size">-1</P>
              </array>
              <type>
                <P Name="method">SF_INHERITED_TYPE</P>
                <P Name="primitive">SF_DOUBLE_TYPE</P>
              </type>
              <P Name="complexity">SF_COMPLEX_INHERITED</P>
              <unit>
                <P Name="name">inherit</P>
              </unit>
            </props>
            <P Name="dataType">Inherit: Same as Simulink</P>
          </data>
          <data SSID="5" name="Gamma">
            <P Name="scope">OUTPUT_DATA</P>
            <props>
              <array>
                <P Name="size">-1</P>
              </array>
              <type>
                <P Name="method">SF_INHERITED_TYPE</P>
                <P Name="primitive">SF_DOUBLE_TYPE</P>
              </type>
              <P Name="complexity">SF_COMPLEX_INHERITED</P>
              <P Name="frame">SF_FRAME_NO</P>
              <unit>
                <P Name="name">inherit</P>
              </unit>
            </props>
            <P Name="dataType">Inherit: Same as Simulink</P>
          </data>
          <data SSID="6" name="d">
            <P Name="scope">INPUT_DATA</P>
            <props>
              <array>
                <P Name="size">-1</P>
              </array>
              <type>
                <P Name="method">SF_INHERITED_TYPE</P>
                <P Name="primitive">SF_DOUBLE_TYPE</P>
                <P Name="isSigned">1</P>
                <P Name="wordLength">16</P>
              </type>
              <P Name="complexity">SF_COMPLEX_INHERITED</P>
              <P Name="frame">SF_FRAME_INHERITED</P>
              <unit>
                <P Name="name">inherit</P>
              </unit>
            </props>
            <P Name="dataType">Inherit: Same as Simulink</P>
          </data>
          <transition SSID="2">
            <P Name="labelString">{eML_blk_kernel();}</P>
            <P Name="labelPosition">[32.125 19.875 102.544 14.964]</P>
            <P Name="fontSize">12</P>
            <src>
              <P Name="intersection">[0 0 1 0 23.5747 14.625 0 0]</P>
            </src>
            <dst>
              <P Name="SSID">3</P>
              <P Name="intersection">[1 0 -1 0 23.5747 42.5747 0 0]</P>
            </dst>
            <P Name="midPoint">[23.5747 24.9468]</P>
            <P Name="dataLimits">[21.175 25.975 14.625 42.575]</P>
            <P Name="subviewer">19</P>
            <P Name="drawStyle">SMART</P>
            <slide>
              <P Name="sticky">BOTH_STICK</P>
            </slide>
            <P Name="executionOrder">1</P>
          </transition>
          <junction SSID="3">
            <P Name="position">[23.5747 49.5747 7]</P>
            <P Name="subviewer">19</P>
            <P Name="type">CONNECTIVE_JUNCTION</P>
          </junction>
        </Children>
      </chart>
      <chart id="27">
        <P Name="name">Output to Matlab and FlightGear/Frame Transformation</P>
        <P Name="windowPosition">[422 539.941 189 413]</P>
        <P Name="viewLimits">[0 156.75 0 153.75]</P>
        <P Name="screen">[1 1 3600 1200 1.180555555555556]</P>
        <P Name="viewObj">27</P>
        <P Name="ssIdHighWaterMark">6</P>
        <P Name="decomposition">CLUSTER_CHART</P>
        <P Name="type">EML_CHART</P>
        <P Name="chartFileNumber">4</P>
        <P Name="disableImplicitCasting">1</P>
        <eml>
          <P Name="name">fcn</P>
        </eml>
        <Children>
          <state SSID="1">
            <P Name="labelString">eML_blk_kernel()</P>
            <P Name="position">[18 64.5 118 66]</P>
            <P Name="fontSize">12</P>
            <P Name="superState">SUBCHART</P>
            <P Name="subviewer">27</P>
            <P Name="type">FUNC_STATE</P>
            <P Name="decomposition">CLUSTER_STATE</P>
            <eml>
              <P Name="isEML">1</P>
              <P Name="script">function Xdot = fcn(E,V)

%#codegen
% transformation from vertical ref. frame to body axes:
Rbv     = [1,  0,         0        ;
           0,  cos(E(1)), sin(E(1));
           0, -sin(E(1)), cos(E(1))]*...
          [cos(E(2)), 0, -sin(E(2));
           0,         1,  0        ;
           sin(E(2)), 0,  cos(E(2))]*...
          [cos(E(3)), sin(E(3)), 0 ;
          -sin(E(3)), cos(E(3)), 0 ;
           0,         0        , 1];


Xdot  = Rbv&apos;*V;

Xdot(3)=-Xdot(3);
</P>
              <P Name="editorLayout" Class="double">Matrix(4,1)
[10.0, 5.0, 700.0, 500.0]</P>
            </eml>
          </state>
          <data SSID="4" name="E">
            <P Name="scope">INPUT_DATA</P>
            <props>
              <array>
                <P Name="size">-1</P>
              </array>
              <type>
                <P Name="method">SF_INHERITED_TYPE</P>
                <P Name="primitive">SF_DOUBLE_TYPE</P>
              </type>
              <P Name="complexity">SF_COMPLEX_INHERITED</P>
              <unit>
                <P Name="name">inherit</P>
              </unit>
            </props>
            <P Name="dataType">Inherit: Same as Simulink</P>
          </data>
          <data SSID="5" name="Xdot">
            <P Name="scope">OUTPUT_DATA</P>
            <props>
              <array>
                <P Name="size">-1</P>
              </array>
              <type>
                <P Name="method">SF_INHERITED_TYPE</P>
                <P Name="primitive">SF_DOUBLE_TYPE</P>
              </type>
              <P Name="complexity">SF_COMPLEX_INHERITED</P>
              <P Name="frame">SF_FRAME_NO</P>
              <unit>
                <P Name="name">inherit</P>
              </unit>
            </props>
            <P Name="dataType">Inherit: Same as Simulink</P>
          </data>
          <data SSID="6" name="V">
            <P Name="scope">INPUT_DATA</P>
            <props>
              <array>
                <P Name="size">-1</P>
              </array>
              <type>
                <P Name="method">SF_INHERITED_TYPE</P>
                <P Name="primitive">SF_DOUBLE_TYPE</P>
                <P Name="isSigned">1</P>
                <P Name="wordLength">16</P>
              </type>
              <P Name="complexity">SF_COMPLEX_INHERITED</P>
              <P Name="frame">SF_FRAME_INHERITED</P>
              <unit>
                <P Name="name">inherit</P>
              </unit>
            </props>
            <P Name="dataType">Inherit: Same as Simulink</P>
          </data>
          <transition SSID="2">
            <P Name="labelString">{eML_blk_kernel();}</P>
            <P Name="labelPosition">[28.125 13.875 102.544 14.964]</P>
            <P Name="fontSize">12</P>
            <src>
              <P Name="intersection">[0 0 1 0 23.5747 14.625 0 0]</P>
            </src>
            <dst>
              <P Name="SSID">3</P>
              <P Name="intersection">[1 0 -1 0 23.5747 42.5747 0 0]</P>
            </dst>
            <P Name="midPoint">[23.5747 24.9468]</P>
            <P Name="dataLimits">[21.175 25.975 14.625 42.575]</P>
            <P Name="subviewer">27</P>
            <P Name="drawStyle">SMART</P>
            <slide>
              <P Name="sticky">BOTH_STICK</P>
            </slide>
            <P Name="executionOrder">1</P>
          </transition>
          <junction SSID="3">
            <P Name="position">[23.5747 49.5747 7]</P>
            <P Name="subviewer">27</P>
            <P Name="type">CONNECTIVE_JUNCTION</P>
          </junction>
        </Children>
      </chart>
    </Children>
  </machine>
  <instance id="18">
    <P Name="machine">10</P>
    <P Name="name">Output to Matlab and FlightGear/Stop Check</P>
    <P Name="chart">11</P>
  </instance>
  <instance id="26">
    <P Name="machine">10</P>
    <P Name="name">Airplane + Autopilot
/MATLAB Function</P>
    <P Name="chart">19</P>
  </instance>
  <instance id="34">
    <P Name="machine">10</P>
    <P Name="name">Output to Matlab and FlightGear/Frame Transformation</P>
    <P Name="chart">27</P>
  </instance>
</Stateflow>
