"Iteration","CD Monitor: CD Monitor"
1.0,2.637257820049343
2.0,1.9618214580096456
3.0,0.9826687224908278
4.0,0.34316888639288284
5.0,-0.08214735465919593
6.0,-0.3405342649893125
7.0,-0.43488144149499214
8.0,-0.49731026756693447
9.0,-0.38624442688699556
10.0,-0.36101844064940625
11.0,-0.07534604247048682
12.0,-0.06440589033410948
13.0,0.272737465312718
14.0,0.21083428335470797
15.0,0.14135836041038977
16.0,0.0860245293578889
17.0,0.060551992692301604
18.0,0.021624881522385845
19.0,0.005170978886437135
20.0,-0.0031156266248787805
21.0,0.011215611817700422
22.0,0.019716530167690163
23.0,0.04522465632809136
24.0,0.04953455729298574
25.0,0.047620194368806865
26.0,0.04288390759166051
27.0,0.03752120461067394
28.0,0.03421513867917387
29.0,0.0296714990750649
30.0,0.027767682365268043
31.0,0.025963803033011938
32.0,0.02552752274168034
33.0,0.025972844796828827
34.0,0.026781938184136676
35.0,0.027430497422443297
36.0,0.027524977380382176
37.0,0.027547563307017135
38.0,0.027199272149498153
39.0,0.026461030949152954
40.0,0.025620246443596457
41.0,0.024989971370797694
42.0,0.02402589007513942
43.0,0.023472117707247008
44.0,0.02292453080701075
45.0,0.02241953714384465
46.0,0.021965080879133195
47.0,0.021564620954388762
48.0,0.02121637837361365
49.0,0.02079226438329411
50.0,0.020591842843380927
51.0,0.020406452475054584
52.0,0.020222645395914757
53.0,0.020032888347301468
54.0,0.019763579892937963
55.0,0.01960040839139572
56.0,0.019426824788330344
57.0,0.01916924675424174
58.0,0.019019893960574463
59.0,0.018790658884216986
60.0,0.018665859832791808
61.0,0.018461535697666044
62.0,0.018361698734622713
63.0,0.018180791447169657
64.0,0.018100906262399463
65.0,0.017941434691624923
66.0,0.0178239434726032
67.0,0.01773451883817747
68.0,0.017661192729798263
69.0,0.017597000245056928
70.0,0.017538967870798033
71.0,0.017478390435622007
72.0,0.017425559528708126
73.0,0.01737960608358837
74.0,0.017338875209303557
75.0,0.01730568034995937
76.0,0.017280723800364422
77.0,0.017263616765358147
78.0,0.017258729385224998
79.0,0.017268188389463552
80.0,0.01728283506026641
81.0,0.017307360936303154
82.0,0.01734327162468168
83.0,0.017389578179257587
84.0,0.017449061859649773
85.0,0.01752009929093023
86.0,0.017602019912692418
87.0,0.01769484695273273
88.0,0.017781270313514706
89.0,0.017901917244551854
90.0,0.017997787947655386
91.0,0.018133890436596536
92.0,0.01822981621492834
93.0,0.018365769854293237
94.0,0.018455942637135944
95.0,0.018583450204274897
96.0,0.018663427313461614
97.0,0.018776155022552282
98.0,0.018843905889685708
99.0,0.018933534212162526
100.0,0.019004281306459318
101.0,0.01906412664490989
102.0,0.019113499900505274
103.0,0.019155253013824966
104.0,0.019191403116378545
105.0,0.01922339917474728
106.0,0.019252601380482518
107.0,0.0192772425392981
108.0,0.019297239472668638
109.0,0.019312296592343344
110.0,0.019322060429333272
111.0,0.019327176017903198
112.0,0.019327984790149022
113.0,0.019322117537787228
114.0,0.019315039128140695
115.0,0.019306182663614817
116.0,0.019294114157622992
117.0,0.0192802959522752
118.0,0.01926510556699472
119.0,0.019248016279783297
120.0,0.019229113405817393
121.0,0.019208274101852437
122.0,0.019185740563879512
123.0,0.01916134920904996
124.0,0.01913546077606923
125.0,0.019107856592096597
126.0,0.01907925985359001
127.0,0.01904951635025144
128.0,0.01901890511832373
129.0,0.01898731076497215
130.0,0.01895473662669226
131.0,0.0189213060750541
132.0,0.01888766034654522
133.0,0.018853349589392283
134.0,0.018817776274911453
135.0,0.018781730299422775
136.0,0.01874542781601051
137.0,0.018708417923493002
138.0,0.018671070357080783
139.0,0.01864585675265469
140.0,0.01859614771474679
141.0,0.01856896165279214
142.0,0.018518553476470793
143.0,0.018490522965685166
144.0,0.018457109699597775
145.0,0.018399759215042617
146.0,0.018370471098052732
147.0,0.01833695420838651
148.0,0.018300032876559603
149.0,0.018239568385853788
150.0,0.018211252431445925
151.0,0.018179663860103383
152.0,0.018145779463167207
153.0,0.01808585536697512
154.0,0.018061184507803772
155.0,0.018015509039780154
156.0,0.01799361698952426
157.0,0.01795063134289711
158.0,0.01792993978131222
159.0,0.017887155578630097
160.0,0.01786779226460662
161.0,0.017825968262811576
162.0,0.01780836285001946
163.0,0.017768792103699756
164.0,0.01775231469076132
165.0,0.017714686797568872
166.0,0.017699550033424293
167.0,0.017663806769084717
168.0,0.01765056312023853
169.0,0.017618556869984817
170.0,0.017606205424578462
171.0,0.017574981851570512
172.0,0.017563891886611987
173.0,0.017533873387788466
174.0,0.017525500392368974
175.0,0.017500165164011497
176.0,0.017493273329566274
177.0,0.017472386388012462
178.0,0.0174658950292989
179.0,0.01744822107358892
180.0,0.017442727636504063
181.0,0.017421501519461407
182.0,0.01741729702674915
183.0,0.017411174546981163
184.0,0.017395464442997936
185.0,0.01739182695006699
186.0,0.017387353351229172
187.0,0.017374444666519467
188.0,0.017371269998587065
189.0,0.01736736844867104
190.0,0.017363664847486998
191.0,0.017359989337974037
192.0,0.01735643898353715
193.0,0.017352745955517376
194.0,0.017349423415889867
195.0,0.017346586026845433
196.0,0.017344514115166923
197.0,0.01734324553133465
198.0,0.017342684458141112
199.0,0.017342668994714917
200.0,0.017343176607140378
201.0,0.017344096539957606
202.0,0.017345395740355377
203.0,0.01734701699051526
204.0,0.01734891715757428
205.0,0.01735105038788331
206.0,0.01735350012871007
207.0,0.01735605892305006
208.0,0.017358702419379413
209.0,0.01736137702102815
210.0,0.017364027880219193
211.0,0.017366624205077702
212.0,0.01736916688197912
213.0,0.017372310722840442
214.0,0.01737431162526797
215.0,0.01737576529328019
216.0,0.01737735828862238
217.0,0.017379400460728736
218.0,0.01738164553479843
219.0,0.017383782919134547
220.0,0.01738553894697522
221.0,0.01738886444712863
222.0,0.017391362301900297
223.0,0.01739447675924153
224.0,0.01739640095085749
225.0,0.017398128594362572
226.0,0.01739967870166674
227.0,0.01740067459558072
228.0,0.017402274443344398
229.0,0.01740335748239269
230.0,0.017404017170527843
231.0,0.017404404257660593
232.0,0.01740375592350176
233.0,0.017404917468583234
234.0,0.01740567060367582
235.0,0.0174059977694026
236.0,0.017405973954546627
237.0,0.017406008749217515
238.0,0.017406001230588358
239.0,0.017405879679749797
240.0,0.017405124590320394
241.0,0.017404709902945764
242.0,0.01740430761678271
243.0,0.017403896039584955
244.0,0.01740363622528549
245.0,0.017403577195864953
246.0,0.017403323728929186
247.0,0.017402968405912503
248.0,0.01740159331390201
249.0,0.017399805841652245
250.0,0.017398333486014335
251.0,0.017397482074084564
252.0,0.017396259055626577
253.0,0.01739482900097672
254.0,0.017393305264439447
255.0,0.017391939034546278
256.0,0.017391129418616418
257.0,0.017389686735418228
258.0,0.017388197991561508
259.0,0.01738527908392055
260.0,0.01738407475822209
261.0,0.017381120256158417
262.0,0.01737879228375004
263.0,0.0173773179373607
264.0,0.01737642616173367
265.0,0.017375351441155915
266.0,0.01737401152599712
267.0,0.017371335693822106
268.0,0.01736861036544552
269.0,0.017365928685708812
270.0,0.01736385239029048
271.0,0.017361948441040123
272.0,0.017361123853437813
273.0,0.017354662373376288
274.0,0.01735060348214923
275.0,0.01734766480738687
276.0,0.017346523363471825
277.0,0.017346308264330507
278.0,0.017343513167527046
279.0,0.01734086655085121
280.0,0.017337546442725275
281.0,0.017335640816207577
282.0,0.017332693998559655
283.0,0.01732991705891306
284.0,0.01732689470053418
285.0,0.01732415338537047
286.0,0.0173217574501172
287.0,0.017318316439643218
288.0,0.017314503333919706
289.0,0.017311430447609653
290.0,0.01730806546270862
291.0,0.017305361180021697
292.0,0.0173028518999564
293.0,0.017300635664185274
294.0,0.017297316339825647
295.0,0.017293986479120962
296.0,0.017290786685992314
297.0,0.017287819481410602
298.0,0.017284636458780908
299.0,0.017282203775852004
300.0,0.017279176501183567
301.0,0.017275988225219
302.0,0.01727283924951192
303.0,0.017270425221890384
304.0,0.017267189424681917
305.0,0.01726379680509095
306.0,0.017260472823791617
307.0,0.017257652346343712
308.0,0.0172550582987349
309.0,0.017251592025884603
310.0,0.017248307795151185
311.0,0.017245469519593437
312.0,0.01724284013392066
313.0,0.017239946792452745
314.0,0.0172370398643865
315.0,0.017235190135581793
316.0,0.017229107138831724
317.0,0.01722671078143386
318.0,0.017224680043470237
319.0,0.017221839737113
320.0,0.017217834968811865
321.0,0.01721375442076424
322.0,0.017211071008535684
323.0,0.017208915801589408
324.0,0.017206723821578347
325.0,0.017204934370981223
326.0,0.01720213261444807
327.0,0.017198605651205012
328.0,0.01719754843675548
329.0,0.017191018654111597
330.0,0.017188282546030727
331.0,0.017182760904334765
332.0,0.017182403985518287
333.0,0.017180064385329142
334.0,0.017179165234818463
335.0,0.01717422767401007
336.0,0.01717115821930772
337.0,0.017168021442230688
338.0,0.017165584023640913
339.0,0.01716329405829445
340.0,0.017160110500369172
341.0,0.017159214917276334
342.0,0.01715464293957327
343.0,0.017151557226139744
344.0,0.017148137122538286
345.0,0.017146322709223782
346.0,0.01714250650502054
347.0,0.017141817059699162
348.0,0.017136964092064777
349.0,0.01713497776685184
350.0,0.017129388107489648
351.0,0.01712758565580257
352.0,0.017125497889222664
353.0,0.017123219949302142
354.0,0.017120054021960644
355.0,0.017118969776477103
356.0,0.01711417133578841
357.0,0.017112404759047004
358.0,0.017107918282638586
359.0,0.017105894444180505
360.0,0.01710403120248568
361.0,0.017099611052808574
362.0,0.017098713100133237
363.0,0.017094892474179606
364.0,0.017092953921302778
365.0,0.01708869967371435
366.0,0.017087378642530772
367.0,0.01708277925815347
368.0,0.017080644021805293
369.0,0.01707601118757563
370.0,0.01707442512171333
371.0,0.017071136451318338
372.0,0.017069856869664626
373.0,0.01706670079309613
374.0,0.017065452547022783
375.0,0.017061638785900054
376.0,0.017059960597011398
377.0,0.01705486410654368
378.0,0.01705351315397578
379.0,0.01704911262577071
380.0,0.017047372759299243
381.0,0.017042899037942358
382.0,0.01704157026836462
383.0,0.017038212948649482
384.0,0.01703664918805728
385.0,0.017033131706334213
386.0,0.017031876512051212
387.0,0.017028540775971435
388.0,0.017027044102486052
389.0,0.01702444044430124
390.0,0.017020176091858918
391.0,0.017019058293415556
392.0,0.017016538277458262
393.0,0.01701307890579959
394.0,0.017009664085642466
395.0,0.017006383360756334
396.0,0.01700565630026099
397.0,0.017003601344045743
398.0,0.017000746300134782
399.0,0.016995080189026325
400.0,0.01699442103516922
401.0,0.016992726407333673
402.0,0.016990262956981216
403.0,0.016988016262395628
404.0,0.016987114288726027
405.0,0.016984568077221866
406.0,0.01698111622363599
407.0,0.016977668238522682
408.0,0.01697343209287385
409.0,0.016972002246365622
410.0,0.01697005517615091
411.0,0.016969442662970777
412.0,0.016967562374582704
413.0,0.016966058763463472
414.0,0.016963578348956752
415.0,0.016961048051482783
416.0,0.016957268873670675
417.0,0.016956007294591676
418.0,0.016954164569441155
419.0,0.016951982448055646
420.0,0.016949829579194237
421.0,0.01694781733525933
422.0,0.01694601141681232
423.0,0.016943030117766447
424.0,0.016942405385691993
425.0,0.016940676880652254
426.0,0.016938050290469436
427.0,0.016933301517247458
428.0,0.016932049338636165
429.0,0.0169301370813639
430.0,0.016928127005773903
431.0,0.016926267740379888
432.0,0.016924491732831413
433.0,0.01692290679305701
434.0,0.016921672236967687
435.0,0.016920311073915374
436.0,0.016919923118503565
437.0,0.016918795284475867
438.0,0.016917086769622943
439.0,0.016915005849544883
440.0,0.01691273437706437
441.0,0.0169100733921082
442.0,0.01690797412880132
443.0,0.01690575825252818
444.0,0.016904558981900228
445.0,0.016903821725613083
446.0,0.01690240317011663
447.0,0.016900576211362813
448.0,0.016898408840632324
449.0,0.016896249985567584
450.0,0.016894286944188194
451.0,0.016893194483805718
452.0,0.01689259710065872
453.0,0.016891302679399325
454.0,0.01689044346125147
455.0,0.0168886976446713
456.0,0.01688667416695285
457.0,0.016885344789386185
458.0,0.016884385951434124
459.0,0.016883523856706266
460.0,0.016882653391494973
461.0,0.016881784671614778
462.0,0.01688078204946963
463.0,0.016879635110282135
464.0,0.016878296763118993
465.0,0.016876936139163218
466.0,0.01687557894838987
467.0,0.016874273692084087
468.0,0.01687288806746318
469.0,0.016871525509997445
470.0,0.016870147285563873
471.0,0.016868746795092798
472.0,0.016867493753351837
473.0,0.016866182191647205
474.0,0.016864865564058855
475.0,0.016863484475438804
476.0,0.016861516072080078
477.0,0.01685978511475762
478.0,0.016857724357548773
479.0,0.016856239966515505
480.0,0.01685518641328691
481.0,0.01685432102315223
482.0,0.016853546458338017
483.0,0.016852717049830677
484.0,0.016851831837417713
485.0,0.016850865867284688
486.0,0.016850416550350036
487.0,0.0168489125455148
488.0,0.016847613887002094
489.0,0.016846534331130692
490.0,0.01684556414732118
491.0,0.01684459032240998
492.0,0.016843556301461657
493.0,0.016842402077517887
494.0,0.016841212689284603
495.0,0.01684067705647324
496.0,0.016838834952395004
497.0,0.016837412904129552
498.0,0.016836234073554435
499.0,0.016835773935901032
500.0,0.016834371996586328
501.0,0.016833218275576878
502.0,0.016832313211554664
503.0,0.016831939955676577
504.0,0.016830728778189842
505.0,0.01682979007868537
506.0,0.016829395694439732
507.0,0.01682806125556026
508.0,0.016827631823548864
509.0,0.0168262721579844
510.0,0.01682584021891692
511.0,0.0168245510631284
512.0,0.016823595659115592
513.0,0.01682273777400694
514.0,0.01682236527558186
515.0,0.016821157503586724
516.0,0.016820034145898447
517.0,0.016819021044297604
518.0,0.01681847897457624
519.0,0.016817773327571794
520.0,0.016815912872921772
521.0,0.01681466018946768
522.0,0.016813725887437438
523.0,0.01681300370854858
524.0,0.01681272640605896
525.0,0.016811746538349617
526.0,0.016811372449386852
527.0,0.01681026391923224
528.0,0.01680931484019263
529.0,0.01680886327784225
530.0,0.01680830556319656
531.0,0.01680689907397684
532.0,0.01680575945364507
533.0,0.016805412384642438
534.0,0.016804523853702204
535.0,0.016804242964983847
536.0,0.016803859227944563
537.0,0.016802821093935993
538.0,0.016802115725201835
539.0,0.016801775796086237
540.0,0.01680074369325396
541.0,0.016800298650463893
542.0,0.016799669963433322
543.0,0.016798051282130255
544.0,0.016797534105368127
545.0,0.01679629999689106
546.0,0.016795967791993587
547.0,0.01679516395913944
548.0,0.016794835936444447
549.0,0.01679398613547518
550.0,0.016793184163467298
551.0,0.016792841344571874
552.0,0.016792344547622864
553.0,0.016791733690104567
554.0,0.016790147632815017
555.0,0.016789195653776935
556.0,0.016788507677134294
557.0,0.016788350536986872
558.0,0.016787710738320437
559.0,0.01678743080468693
560.0,0.01678703771755507
561.0,0.016785919550698317
562.0,0.016785532230629258
563.0,0.016785087152121916
564.0,0.016783997100137206
565.0,0.016783668156774696
566.0,0.016782880935812344
567.0,0.016782652495521345
568.0,0.016782378438948413
569.0,0.016782056604304516
570.0,0.016781435081118092
571.0,0.016781261981912612
572.0,0.01678072279937522
573.0,0.016780267461540946
574.0,0.016780069420810617
575.0,0.01677973334394067
576.0,0.016779276629026278
577.0,0.016778731882296723
578.0,0.01677812438699697
579.0,0.016776673836261698
580.0,0.016776254548565316
581.0,0.01677583302234771
582.0,0.0167749302617127
583.0,0.01677465060046504
584.0,0.016773998121065375
585.0,0.016773802989934576
586.0,0.016773230722653833
587.0,0.016773050912038824
588.0,0.016772784068799056
589.0,0.01677244719117292
590.0,0.016771578965736895
591.0,0.01677129496195649
592.0,0.016770967731846196
593.0,0.016770157575616555
594.0,0.01676991217028251
595.0,0.01676963093663047
596.0,0.016769311823562054
597.0,0.01676898987252083
598.0,0.016768658740913343
599.0,0.016767969321657705
600.0,0.016767801882845206
601.0,0.01676762224793284
602.0,0.016767419023859996
603.0,0.016767204779642247
604.0,0.016766970642145787
605.0,0.016766718906280002
606.0,0.01676616465726427
607.0,0.016765820921774626
608.0,0.016765699796286417
609.0,0.016765483704839795
610.0,0.016765178179862242
611.0,0.01676479281996679
612.0,0.016764349288823747
613.0,0.016763874594846104
614.0,0.016763387245162395
615.0,0.016762228335768053
616.0,0.016761940955660203
617.0,0.016761656873069956
618.0,0.01676137199392906
619.0,0.016761071634183083
620.0,0.01676076569974696
621.0,0.01676046974999951
622.0,0.016760180996575176
623.0,0.01675956075670551
624.0,0.01675941831196623
625.0,0.016759243214454527
626.0,0.016759050351786084
627.0,0.016758810643508242
628.0,0.01675854911051612
629.0,0.016758265509736067
630.0,0.016757975076324767
631.0,0.016757671676895403
632.0,0.0167573606025083
633.0,0.0167566960551356
634.0,0.016756499877966832
635.0,0.016756283892307815
636.0,0.016756040792836838
637.0,0.016755774325520507
638.0,0.016755483329762115
639.0,0.01675482454735396
640.0,0.016754633580044604
641.0,0.016754418370295076
642.0,0.01675417883364136
643.0,0.01675360518475446
644.0,0.016753435986818534
645.0,0.016752978801341377
646.0,0.016752837567016017
647.0,0.016752651593128713
648.0,0.016752110087697728
649.0,0.01675193857320173
650.0,0.016751438277781555
651.0,0.016751270783999597
652.0,0.01675106650574751
653.0,0.016750832034137356
654.0,0.016750248223059573
655.0,0.016749886861844712
656.0,0.016749780551982563
657.0,0.016749638648578882
658.0,0.01674945630168962
659.0,0.016749234933460803
660.0,0.016749000610083855
661.0,0.016748739463162705
662.0,0.01674848531129924
663.0,0.016748234444169126
664.0,0.016748005792369382
665.0,0.016747791576162165
666.0,0.01674760002962796
667.0,0.016747432873978396
668.0,0.016747134072191923
669.0,0.01674707327270107
670.0,0.01674699760913455
671.0,0.01674688839803575
672.0,0.016746744774101312
673.0,0.0167465681926751
674.0,0.01674637514196701
675.0,0.016746161912713064
676.0,0.016745929176807003
677.0,0.016745384789760648
678.0,0.016745224967114145
679.0,0.016745044643364185
680.0,0.016744844092330697
681.0,0.016744633919311344
682.0,0.016744406871451043
683.0,0.016744178683534432
684.0,0.01674394836473784
685.0,0.016743724376664
686.0,0.01674323651461218
687.0,0.016743122867910118
688.0,0.01674298842867191
689.0,0.016742848108796497
690.0,0.016742683035870586
691.0,0.01674228811070375
692.0,0.01674218231876185
693.0,0.016742046523629414
694.0,0.01674187525184718
695.0,0.016741678950720318
696.0,0.01674146452072823
697.0,0.016741243110027344
698.0,0.016741015420649003
699.0,0.016740794756202472
700.0,0.01674058495574479
701.0,0.016740390541736906
702.0,0.01674020725976423
703.0,0.016740047973403064
704.0,0.01673990021384228
705.0,0.016739774464146498
706.0,0.0167396517651653
707.0,0.016739541406332988
708.0,0.016739324121986428
709.0,0.016739274556322573
710.0,0.016739193622109728
711.0,0.016739084706873415
712.0,0.016738928914235028
713.0,0.016738751172725722
714.0,0.01673854142779206
715.0,0.016738309792769145
716.0,0.01673806211988865
717.0,0.01673781009359062
718.0,0.016737562522108618
719.0,0.016737319372749093
720.0,0.016737095952761887
721.0,0.016736885948460744
722.0,0.016736439650448465
723.0,0.016736343701996125
724.0,0.016736249384853873
725.0,0.01673614325411081
726.0,0.016736027302271646
727.0,0.01673590022339216
728.0,0.016735764676370175
729.0,0.016735606459257014
730.0,0.01673544531499213
731.0,0.01673527273595523
732.0,0.016735109273546656
733.0,0.01673494354658092
734.0,0.016734794359248052
735.0,0.016734649046308635
736.0,0.016734516287027726
737.0,0.016734397716481712
738.0,0.01673428446549819
739.0,0.01673417170138701
740.0,0.016734065575069207
741.0,0.01673395661446174
742.0,0.016733739461555347
743.0,0.01673367061615593
744.0,0.01673358504376827
745.0,0.01673347846742571
746.0,0.016733341061772176
747.0,0.016733180255221955
748.0,0.016732998269703123
749.0,0.016732800375470105
750.0,0.016732583634249083
751.0,0.016732366515685312
752.0,0.016732146956014726
753.0,0.016731941168726207
754.0,0.016731746850562213
755.0,0.016731565426385972
756.0,0.016731400756479387
757.0,0.01673125784441363
758.0,0.01673113911205067
759.0,0.01673103498065082
760.0,0.016730942633170112
761.0,0.016730856474152407
762.0,0.016730779210563207
763.0,0.016730703726232553
764.0,0.016730628769498976
765.0,0.016730548416766737
766.0,0.016730455298231008
767.0,0.01673035328180108
768.0,0.01673023423679454
769.0,0.01673010681369723
770.0,0.016729968205633057
771.0,0.01672982622186952
772.0,0.01672967619388569
773.0,0.01672952864488135
774.0,0.0167293760602142
775.0,0.016729223657112324
776.0,0.016729068707050467
777.0,0.016728928322997133
778.0,0.016728794573241078
779.0,0.016728670913181226
780.0,0.016728549985069605
781.0,0.016728444929076464
782.0,0.016728343919443063
783.0,0.016728245632576397
784.0,0.016728159302177047
785.0,0.01672807943724266
786.0,0.016728002730514436
787.0,0.01672792587361241
788.0,0.016727851981540375
789.0,0.016727778621460236
790.0,0.016727702893235066
791.0,0.016727620426987503
792.0,0.016727527007185827
793.0,0.016727422786654664
794.0,0.01672731907890732
795.0,0.01672720476688723
796.0,0.016727085085731664
797.0,0.01672696513897317
798.0,0.01672683431693566
799.0,0.01672670752909269
800.0,0.016726572740036336
801.0,0.01672643640474908
802.0,0.016726303982336866
803.0,0.01672616777793487
804.0,0.016726033904713666
805.0,0.016725730877293534
806.0,0.016725661378679674
807.0,0.016725578327309275
808.0,0.016725491119774456
809.0,0.016725391090425402
810.0,0.016725286304211332
811.0,0.016725184189514818
812.0,0.01672508245864144
813.0,0.01672498640169752
814.0,0.016724886751291385
815.0,0.0167247980383394
816.0,0.01672471513673427
817.0,0.01672453225983259
818.0,0.016724500175315703
819.0,0.016724462099979364
820.0,0.016724414184782637
821.0,0.01672435948574502
822.0,0.016724295950672548
823.0,0.01672422272576754
824.0,0.016724142170720303
825.0,0.01672405513298899
826.0,0.016723964114000817
827.0,0.016723876699537635
828.0,0.016723794164167825
829.0,0.016723717731795748
830.0,0.016723643440707724
831.0,0.016723567550276125
832.0,0.016723485920612704
833.0,0.016723399817633055
834.0,0.01672332278741128
835.0,0.016723245991345854
836.0,0.01672317058524466
837.0,0.016723093400091822
838.0,0.01672301759039109
839.0,0.01672293492204358
840.0,0.016722852240550354
841.0,0.01672276063284249
842.0,0.01672266917265171
843.0,0.016722562453143196
844.0,0.01672245717414242
845.0,0.016722354026148543
846.0,0.016722253614766373
847.0,0.016722153521504655
848.0,0.016722056936200713
849.0,0.01672196081738988
850.0,0.0167218556632464
851.0,0.016721752965192568
852.0,0.016721655636640263
853.0,0.016721562521859294
854.0,0.01672148530753232
855.0,0.016721421956840118
856.0,0.01672137576981176
857.0,0.01672134123117816
858.0,0.016721318298637877
859.0,0.016721297471958513
860.0,0.016721271787300325
861.0,0.016721241432086795
862.0,0.01672121286935401
863.0,0.016721181308511898
864.0,0.016721137173690052
865.0,0.016721087355868407
866.0,0.01672102706574307
867.0,0.016720953984985926
868.0,0.016720873001723636
869.0,0.01672078847901858
870.0,0.016720706174924917
871.0,0.016720623472928867
872.0,0.016720542771916168
873.0,0.016720467414234073
874.0,0.016720381540049012
875.0,0.016720305386698185
876.0,0.016720228269212548
877.0,0.01672015520553677
878.0,0.01672007846560744
879.0,0.016720009038361253
880.0,0.01671993820214332
881.0,0.01671986742041097
882.0,0.016719789873759328
883.0,0.016719719944069157
884.0,0.016719641588357058
885.0,0.016719568612978103
886.0,0.01671950013903837
887.0,0.016719435843492295
888.0,0.016719385296489378
889.0,0.016719337798921256
890.0,0.016719290188593184
891.0,0.016719240276924657
892.0,0.016719192131585046
893.0,0.016719147432548542
894.0,0.016719107222581818
895.0,0.016719072530181133
896.0,0.016719033608197084
897.0,0.01671899591167957
898.0,0.016718957040324986
899.0,0.016718922663252818
900.0,0.01671888743702443
901.0,0.016718848920784922
902.0,0.016718804906712965
903.0,0.016718762280020373
904.0,0.016718720962242084
905.0,0.01671867771022046
906.0,0.016718628666544316
907.0,0.01671857430689756
908.0,0.016718517208272683
909.0,0.01671845551215018
910.0,0.016718390942380916
911.0,0.016718329795166832
912.0,0.016718265444211934
913.0,0.016718195666917193
914.0,0.01671813249895832
915.0,0.01671806342247114
916.0,0.016717990093592823
917.0,0.016717914755507546
918.0,0.016717849227019875
919.0,0.016717783913874417
920.0,0.01671772035336493
921.0,0.016717661150516448
922.0,0.01671760554926259
923.0,0.01671754549724757
924.0,0.016717490038425105
925.0,0.016717439363831417
926.0,0.016717388055436988
927.0,0.01671734632924203
928.0,0.016717306616795272
929.0,0.01671726960326254
930.0,0.01671723448567327
931.0,0.016717208648521335
932.0,0.01671717837094508
933.0,0.016717154497479986
934.0,0.016717122784705638
935.0,0.016717089382279803
936.0,0.016717060734617636
937.0,0.016717035021061293
938.0,0.016717002783390153
939.0,0.01671696648278622
940.0,0.016716920918932697
941.0,0.016716872110480372
942.0,0.016716829949031835
943.0,0.01671678570100249
944.0,0.01671674975037976
945.0,0.01671671062302117
946.0,0.016716681309039395
947.0,0.016716643778733265
948.0,0.016716614098616862
949.0,0.016716575086608027
950.0,0.0167165351143949
951.0,0.01671648283883905
952.0,0.016716426799498536
953.0,0.016716369531256763
954.0,0.016716309100569975
955.0,0.01671624588633439
956.0,0.016716181168330214
957.0,0.016716112820990614
958.0,0.01671605390242468
959.0,0.016715997666129898
960.0,0.01671594288464857
961.0,0.016715894217370263
962.0,0.016715855000066573
963.0,0.01671582303740081
964.0,0.016715799942758187
965.0,0.016715779246456487
966.0,0.016715762234792562
967.0,0.01671574919453085
968.0,0.016715743189587726
969.0,0.016715740754340135
970.0,0.016715740956951837
971.0,0.016715741130804918
972.0,0.01671573726010442
973.0,0.016715734332358772
974.0,0.016715732322834534
975.0,0.016715724893287726
976.0,0.01671570948488907
977.0,0.01671568642596355
978.0,0.016715651476620463
979.0,0.016715608793239228
980.0,0.016715559428210375
981.0,0.016715500048706474
982.0,0.016715336601914897
983.0,0.016715291182732538
984.0,0.01671523411961414
985.0,0.01671517807954776
986.0,0.01671511386501437
987.0,0.016715050703611414
988.0,0.016714993656419312
989.0,0.016714943653854418
990.0,0.0167149081421852
991.0,0.016714878939620564
992.0,0.01671485776679811
993.0,0.016714843258250338
994.0,0.01671483309324047
995.0,0.016714829415230413
996.0,0.016714829174752106
997.0,0.016714832871244166
998.0,0.016714837504238925
999.0,0.01671484310582168
1000.0,0.01671484771493424
1001.0,0.016714842030388304
1002.0,0.01671483443135962
1003.0,0.01671482699935467
1004.0,0.016714809240620847
1005.0,0.016714790515538452
1006.0,0.01671477068625115
1007.0,0.0167147392364771
1008.0,0.016714707792709234
1009.0,0.016714667957233004
1010.0,0.016714625432026082
1011.0,0.01671457964914195
1012.0,0.01671453665493706
1013.0,0.016714486332995663
1014.0,0.01671443796720134
1015.0,0.016714386498475717
1016.0,0.016714332378085256
1017.0,0.016714285109982244
1018.0,0.01671423491421983
1019.0,0.016714183538068438
1020.0,0.016714131299369384
1021.0,0.016714088165243557
1022.0,0.0167140513453345
1023.0,0.016714023020668066
1024.0,0.016714008834871986
1025.0,0.016714006623394482
1026.0,0.01671401030220697
1027.0,0.0167140185162659
1028.0,0.01671403021650279
1029.0,0.016714030779678594
1030.0,0.01671403197912126
1031.0,0.01671402307643969
1032.0,0.016714007553274644
1033.0,0.016713973790509273
1034.0,0.016713940916241354
1035.0,0.016713902877540446
1036.0,0.016713867494908014
1037.0,0.016713837617167895
1038.0,0.016713808390643042
1039.0,0.016713780113587273
1040.0,0.016713728081929037
1041.0,0.01671371585784031
1042.0,0.016713695106546078
1043.0,0.016713671830712394
1044.0,0.016713641404642696
1045.0,0.016713603431198775
1046.0,0.0167135706092734
1047.0,0.01671354105706365
1048.0,0.016713514028973524
1049.0,0.016713490549407586
1050.0,0.016713473325093896
1051.0,0.01671345501967611
1052.0,0.01671342595948082
1053.0,0.016713398550766607
1054.0,0.016713364194558183
1055.0,0.01671332347020337
1056.0,0.016713285622330064
1057.0,0.01671324568895413
1058.0,0.016713218699425672
1059.0,0.016713200504761723
1060.0,0.016713191776094358
1061.0,0.016713195065818497
1062.0,0.016713198883430477
1063.0,0.016713203115052006
1064.0,0.016713220634169756
1065.0,0.0167132258823322
1066.0,0.016713233839211864
1067.0,0.016713230798745253
1068.0,0.016713229178242632
1069.0,0.01671322216951658
1070.0,0.016713211561176007
1071.0,0.016713203681987643
1072.0,0.016713199803608893
1073.0,0.016713189220069598
1074.0,0.016713174938358784
1075.0,0.016713163980368047
1076.0,0.016713145784850735
1077.0,0.01671312642935276
1078.0,0.016713103295602324
1079.0,0.016713085157293524
1080.0,0.016713064953846113
1081.0,0.01671304301548228
1082.0,0.016713019063456583
1083.0,0.016712988751556003
1084.0,0.01671294914529316
1085.0,0.016712903747949405
1086.0,0.0167128563436958
1087.0,0.01671282065383229
1088.0,0.016712796127647166
1089.0,0.01671277227421796
1090.0,0.01671274424323285
1091.0,0.016712714027472396
1092.0,0.016712687525898433
1093.0,0.016712655365595325
1094.0,0.016712620719432955
1095.0,0.016712599242223496
1096.0,0.016712577371887263
1097.0,0.016712562538212433
1098.0,0.01671254875160181
1099.0,0.01671252936388801
1100.0,0.016712515432197962
1101.0,0.016712501987309926
1102.0,0.01671248983335328
1103.0,0.016712482641999777
1104.0,0.016712478348728188
1105.0,0.01671247833674739
1106.0,0.016712480018330908
1107.0,0.016712485009213553
1108.0,0.016712493363052132
1109.0,0.016712506579845774
1110.0,0.016712519601956938
1111.0,0.016712534162683687
1112.0,0.016712547216014725
1113.0,0.016712558202160138
1114.0,0.016712570301789555
1115.0,0.016712571964871123
1116.0,0.01671257035492388
1117.0,0.016712572340961337
1118.0,0.01671257343514372
1119.0,0.016712569959379774
1120.0,0.016712556063242564
1121.0,0.016712535180719336
1122.0,0.016712507594535977
1123.0,0.016712475416039794
1124.0,0.016712435065017406
1125.0,0.016712386409675484
1126.0,0.016712334787665123
1127.0,0.016712277961599586
1128.0,0.016712216235685848
1129.0,0.0167121645261371
1130.0,0.016712121955264798
1131.0,0.016712094162984734
1132.0,0.01671207140478457
1133.0,0.01671205539145207
1134.0,0.016712045669155066
1135.0,0.016712028724876142
1136.0,0.016712010979516544
1137.0,0.016711984018405242
1138.0,0.016711964302526805
1139.0,0.01671194399471862
1140.0,0.016711928580788925
1141.0,0.016711912904887348
1142.0,0.016711908228381762
1143.0,0.01671190660740711
1144.0,0.01671191332321966
1145.0,0.016711911084892065
1146.0,0.016711912624347066
1147.0,0.016711918672604954
1148.0,0.016711926019537186
1149.0,0.016711924519905892
1150.0,0.016711926153232026
1151.0,0.016711924278708955
1152.0,0.016711926241586426
1153.0,0.01671191966684452
1154.0,0.01671191940312828
1155.0,0.016711913287990873
1156.0,0.016711911280638272
1157.0,0.01671190998532994
1158.0,0.01671191892410557
1159.0,0.016711929625877114
1160.0,0.016711949530147804
1161.0,0.016711964831900503
1162.0,0.01671198080399714
1163.0,0.016711983482126026
1164.0,0.01671197616764744
1165.0,0.016711952203336808
1166.0,0.016711925714522635
1167.0,0.0167118947656438
1168.0,0.01671186367918023
1169.0,0.016711832779818428
1170.0,0.016711809099076255
1171.0,0.016711787209276602
1172.0,0.016711774758207745
1173.0,0.01671175753715654
1174.0,0.016711744564957144
1175.0,0.016711720798893073
1176.0,0.016711704474692606
1177.0,0.016711686389645666
1178.0,0.016711674477885602
1179.0,0.016711656215785627
1180.0,0.01671164475757784
1181.0,0.01671164319560231
1182.0,0.01671165412122652
1183.0,0.016711667553555583
1184.0,0.016711686063847
1185.0,0.016711698933866516
1186.0,0.016711708981953614
1187.0,0.016711719444249436
1188.0,0.0167117270228274
1189.0,0.016711727424428707
1190.0,0.0167117260156483
1191.0,0.016711717109391788
1192.0,0.016711710759784757
1193.0,0.016711706936634214
1194.0,0.016711689455154728
1195.0,0.016711661170882422
1196.0,0.016711623810530388
1197.0,0.016711587740455634
1198.0,0.016711553694447875
1199.0,0.016711519642620305
1200.0,0.016711486019510276
1201.0,0.016711461532953532
1202.0,0.016711435791677248
1203.0,0.016711416541585075
1204.0,0.016711402366621053
1205.0,0.016711396928750885
1206.0,0.016711389416626175
1207.0,0.016711377486273677
1208.0,0.016711371692972946
1209.0,0.016711369079287275
1210.0,0.01671137088010067
1211.0,0.016711374658356135
1212.0,0.016711382204977886
1213.0,0.016711393590907578
1214.0,0.01671140422154413
1215.0,0.016711406667632617
1216.0,0.016711407245642747
1217.0,0.016711400901312668
1218.0,0.016711392708681435
1219.0,0.016711382655933794
1220.0,0.016711369489555754
1221.0,0.016711357246022324
1222.0,0.016711348968365507
1223.0,0.016711338291990032
1224.0,0.016711328545842896
1225.0,0.0167113182798169
1226.0,0.01671130929045512
1227.0,0.016711295310718903
1228.0,0.016711284707033973
1229.0,0.01671127361778744
1230.0,0.016711266106778554
1231.0,0.016711254744381513
1232.0,0.016711248944753614
1233.0,0.01671125055221536
1234.0,0.016711253189623396
1235.0,0.016711250239315377
1236.0,0.01671124569626453
1237.0,0.016711237517809778
1238.0,0.016711224402894784
1239.0,0.016711208262214415
1240.0,0.016711189631543916
1241.0,0.016711171398922656
1242.0,0.016711155780691208
1243.0,0.016711135995469452
1244.0,0.016711117387408513
1245.0,0.016711098036417356
1246.0,0.01671107957923433
1247.0,0.016711063513689284
1248.0,0.016711045866617886
1249.0,0.01671102845610878
1250.0,0.016711012010913417
1251.0,0.016710996062539733
1252.0,0.016710982320481883
1253.0,0.016710972341208066
1254.0,0.016710969327510396
1255.0,0.016710977001532623
1256.0,0.016710984464016768
1257.0,0.016710985868140443
1258.0,0.016710993294489065
1259.0,0.016710998616077413
1260.0,0.016711000229196412
1261.0,0.016710995607594023
1262.0,0.016710992450504447
1263.0,0.016710987820681998
1264.0,0.016710982775709423
1265.0,0.01671097885931843
1266.0,0.016710973573994415
1267.0,0.016710964944611148
1268.0,0.01671095219235324
1269.0,0.016710936695302145
1270.0,0.016710917788221934
1271.0,0.016710903924537748
1272.0,0.016710892621674616
1273.0,0.01671088373788189
1274.0,0.016710879351674326
1275.0,0.01671087523186963
1276.0,0.016710877796066805
1277.0,0.01671087884737519
1278.0,0.016710882395298172
1279.0,0.01671088596671693
1280.0,0.016710891787014886
1281.0,0.01671089719029009
1282.0,0.016710903553512613
1283.0,0.016710910201014846
1284.0,0.016710913564600544
1285.0,0.01671091879431684
1286.0,0.016710919824587438
1287.0,0.016710923911861013
1288.0,0.016710928403207887
1289.0,0.01671093381462975
1290.0,0.016710940153030183
1291.0,0.016710946407581376
1292.0,0.01671095778649228
1293.0,0.01671096033223276
1294.0,0.016710961394880812
1295.0,0.01671095870474859
1296.0,0.016710954269451676
1297.0,0.016710950284111993
1298.0,0.01671093766699197
1299.0,0.0167109193599668
1300.0,0.016710902807881043
1301.0,0.016710879895474227
1302.0,0.016710855201889904
1303.0,0.01671083484627729
1304.0,0.01671081825075539
1305.0,0.01671080251642637
1306.0,0.016710789150303378
1307.0,0.016710779336642317
1308.0,0.016710777018810723
1309.0,0.01671077524537136
1310.0,0.016710777567453178
1311.0,0.016710778453466496
1312.0,0.016710786516917948
1313.0,0.01671079802766292
1314.0,0.0167108075537879
1315.0,0.016710817408237377
1316.0,0.016710826504713304
1317.0,0.016710833936401423
1318.0,0.016710831210343006
1319.0,0.016710821335127395
1320.0,0.01671081229839399
1321.0,0.01671080316674218
1322.0,0.016710793041974543
1323.0,0.016710783763035385
1324.0,0.016710775322268633
1325.0,0.016710764193146984
1326.0,0.016710750702198872
1327.0,0.016710735970836173
1328.0,0.016710727187243028
1329.0,0.016710719138091808
1330.0,0.016710710071087806
1331.0,0.016710707917207364
1332.0,0.016710709651067263
1333.0,0.016710704376650364
1334.0,0.016710697935338928
1335.0,0.016710695966042327
1336.0,0.016710686611128178
1337.0,0.016710674709546985
1338.0,0.016710667968322025
1339.0,0.01671066097895299
1340.0,0.016710657804499384
1341.0,0.016710660856956383
1342.0,0.016710659603853293
1343.0,0.016710659135729847
1344.0,0.016710666409149037
1345.0,0.01671067467474602
1346.0,0.016710689429940702
1347.0,0.016710709458433993
1348.0,0.016710730716517616
1349.0,0.01671074284776914
1350.0,0.016710747430386346
1351.0,0.016710747300034454
1352.0,0.0167107392287377
1353.0,0.016710724468938582
1354.0,0.01671070270478256
1355.0,0.01671068108753701
1356.0,0.01671065336867753
1357.0,0.0167106292593647
1358.0,0.016710603982773783
1359.0,0.016710586317851918
1360.0,0.01671057545603584
1361.0,0.01671057805685546
1362.0,0.016710581080380864
1363.0,0.016710586727074317
1364.0,0.016710592586771107
1365.0,0.0167105949237644
1366.0,0.01671059261906907
1367.0,0.016710589969899978
1368.0,0.0167105852492681
1369.0,0.016710582412112235
1370.0,0.01671058110462794
1371.0,0.016710589392893764
1372.0,0.01671059791207207
1373.0,0.0167106090414484
1374.0,0.01671061744890514
1375.0,0.016710626828599303
1376.0,0.016710636300926035
1377.0,0.016710643377538713
1378.0,0.01671064696665762
1379.0,0.01671064721619521
1380.0,0.016710642149226507
1381.0,0.01671063385726601
1382.0,0.016710614681130276
1383.0,0.016710590886223096
1384.0,0.016710566139282537
1385.0,0.01671054041565793
1386.0,0.016710519662108028
1387.0,0.01671050035021994
1388.0,0.016710484689320904
1389.0,0.016710477555418785
1390.0,0.016710470053744955
1391.0,0.016710464308182363
1392.0,0.016710458075276123
1393.0,0.016710456812320418
1394.0,0.01671046133194064
1395.0,0.016710480621204116
1396.0,0.016710516195053475
1397.0,0.01671055467852408
1398.0,0.01671058959312325
1399.0,0.016710619133745455
1400.0,0.016710643723646605
1401.0,0.01671066598264344
1402.0,0.01671068197627438
1403.0,0.016710691891448658
1404.0,0.016710690470997623
1405.0,0.016710678834952968
1406.0,0.016710657563110794
1407.0,0.016710632282523022
1408.0,0.01671059488022878
1409.0,0.016710557959527698
1410.0,0.01671052233835419
1411.0,0.01671048368278604
1412.0,0.01671046136866039
1413.0,0.016710437894469448
1414.0,0.016710420231936453
1415.0,0.01671038870862451
1416.0,0.01671038100867833
1417.0,0.01671037660145147
1418.0,0.01671037628571216
1419.0,0.016710381142609823
1420.0,0.01671038009914718
1421.0,0.01671037692483042
1422.0,0.016710386900131012
1423.0,0.0167104040691385
1424.0,0.01671042530352288
1425.0,0.01671044153822919
1426.0,0.016710451498246747
1427.0,0.01671045392867944
1428.0,0.01671044875967187
1429.0,0.01671044290516535
1430.0,0.016710443278051646
1431.0,0.01671044833574878
1432.0,0.016710458778738488
1433.0,0.016710475321824514
1434.0,0.01671049412826528
1435.0,0.01671051035592154
1436.0,0.016710514313624233
1437.0,0.016710524047430883
1438.0,0.016710528843386654
1439.0,0.01671052477512687
1440.0,0.01671051663532089
1441.0,0.0167105119553845
1442.0,0.01671049989479524
1443.0,0.01671048123728731
1444.0,0.016710462227962908
1445.0,0.0167104427099534
1446.0,0.01671042957588998
1447.0,0.016710421395517934
1448.0,0.01671041862859116
1449.0,0.016710420264117946
1450.0,0.0167104216052011
1451.0,0.016710422724338633
1452.0,0.01671042614650713
1453.0,0.016710426893024394
1454.0,0.016710424517951693
1455.0,0.016710423211828754
1456.0,0.016710419063131456
1457.0,0.016710416775997237
1458.0,0.016710404107388888
1459.0,0.01671039666469036
1460.0,0.016710387443570125
1461.0,0.01671037648912142
1462.0,0.016710367606653873
1463.0,0.016710364231829703
1464.0,0.01671036253864109
1465.0,0.01671035925865721
1466.0,0.016710355082935335
1467.0,0.01671034647552535
1468.0,0.016710341588204815
1469.0,0.016710339020378585
1470.0,0.01671034336804983
1471.0,0.016710342756704404
1472.0,0.016710349786741997
1473.0,0.016710353736687753
1474.0,0.016710360534996117
1475.0,0.016710368688377816
1476.0,0.016710382589104764
1477.0,0.01671039487241288
1478.0,0.016710408970300225
1479.0,0.016710424006569042
1480.0,0.016710442905025144
1481.0,0.01671046943017087
1482.0,0.01671049578814076
1483.0,0.016710516764847163
1484.0,0.016710531778552647
1485.0,0.0167105348135132
1486.0,0.016710538129361865
1487.0,0.01671052973164838
1488.0,0.016710512745889562
1489.0,0.01671049033968998
1490.0,0.01671046699559746
1491.0,0.016710436239485264
1492.0,0.016710395533049937
1493.0,0.01671035393017803
1494.0,0.01671030669796055
1495.0,0.01671026020369557
1496.0,0.01671021819592658
1497.0,0.016710177626514378
1498.0,0.01671014139496447
1499.0,0.01671010509455141
1500.0,0.016710082799798232
1501.0,0.016710068072000768
1502.0,0.016710062365470887
1503.0,0.016710062516955383
1504.0,0.016710071206217196
1505.0,0.016710085370769734
1506.0,0.016710106746091562
1507.0,0.01671013370341115
1508.0,0.016710166377766535
1509.0,0.016710207856739243
1510.0,0.016710251512197453
1511.0,0.016710296498046277
1512.0,0.016710336969096386
1513.0,0.016710371569544736
1514.0,0.01671040080582649
1515.0,0.01671042957681155
1516.0,0.01671045401698658
1517.0,0.016710479767679802
1518.0,0.016710499442635883
1519.0,0.016710520700662007
1520.0,0.016710528415884548
1521.0,0.016710534374962907
1522.0,0.016710534615807408
1523.0,0.016710531660210387
1524.0,0.016710529906283637
1525.0,0.01671052002454237
1526.0,0.016710501689872582
1527.0,0.01671047469764051
1528.0,0.01671043993768958
1529.0,0.016710398142504232
1530.0,0.01671035727903025
1531.0,0.016710322367434617
1532.0,0.01671028596145454
1533.0,0.016710261288549827
1534.0,0.016710238492909084
1535.0,0.016710227637456936
1536.0,0.01671022225480684
1537.0,0.016710220236025194
1538.0,0.0167102273531418
1539.0,0.016710232570298526
1540.0,0.016710238634941296
1541.0,0.016710245011127826
1542.0,0.01671024973249564
1543.0,0.016710256822536705
1544.0,0.01671026181642738
1545.0,0.016710264755071317
1546.0,0.01671026238279745
1547.0,0.016710264710339442
1548.0,0.0167102708916448
1549.0,0.016710282060409934
1550.0,0.016710292173997582
1551.0,0.016710300528275927
1552.0,0.016710312236239633
1553.0,0.01671031767428075
1554.0,0.01671032176585347
1555.0,0.016710317988609634
1556.0,0.016710313903645926
1557.0,0.016710309191784928
1558.0,0.01671031454191023
1559.0,0.016710318114858153
1560.0,0.016710323434436257
1561.0,0.016710337696796987
1562.0,0.016710342704390348
1563.0,0.016710350257221427
1564.0,0.016710357821562133
1565.0,0.01671036919274712
1566.0,0.016710382707815403
1567.0,0.016710395755370807
1568.0,0.01671040209597526
1569.0,0.016710398703835172
1570.0,0.016710388894947553
1571.0,0.016710377110727467
1572.0,0.016710363009527975
1573.0,0.01671035179324456
1574.0,0.016710338054599663
1575.0,0.016710326238109894
1576.0,0.01671031453542598
1577.0,0.016710306317704336
1578.0,0.016710294591416527
1579.0,0.016710277720925842
1580.0,0.01671025919166135
1581.0,0.016710242144513377
1582.0,0.01671022614273672
1583.0,0.016710206609042474
1584.0,0.0167101895374131
1585.0,0.016710168436181002
1586.0,0.016710118277717782
1587.0,0.016710095878972004
1588.0,0.01671008379286444
1589.0,0.016710079459760725
1590.0,0.016710081503343643
1591.0,0.01671009531895671
1592.0,0.016710118030899043
1593.0,0.016710136032542282
1594.0,0.016710159400160143
1595.0,0.016710181396256442
1596.0,0.016710199723752456
1597.0,0.016710223474845298
1598.0,0.016710247865736223
1599.0,0.016710274572583478
1600.0,0.01671030634551915
