"迭代","CL Monitor: CL Monitor"
1.0,1.6983483570746514
2.0,1.5293428765586896
3.0,0.8164234091764707
4.0,0.490107998940303
5.0,0.35305801786228264
6.0,0.29720316085005105
7.0,0.2709722583155784
8.0,0.25592145016225026
9.0,0.25636349622888105
10.0,0.15445739220800492
11.0,0.19547799961349088
12.0,0.1770754696632839
13.0,0.2369163430133265
14.0,0.321111094068787
15.0,0.39276672135880564
16.0,0.48073590142150735
17.0,0.540066087397368
18.0,0.5524436859752069
19.0,0.49825177210220756
20.0,0.47639429058077176
21.0,0.4686107021586656
22.0,0.4617317355836553
23.0,0.45671904707973926
24.0,0.46022658936287675
25.0,0.4666171921953891
26.0,0.47959786057345216
27.0,0.49275282552779415
28.0,0.5001422984364212
29.0,0.5076866748884468
30.0,0.5194091942408019
31.0,0.5246221318287037
32.0,0.5318882084306512
33.0,0.5363013486940535
34.0,0.5387177125676018
35.0,0.5397765574015017
36.0,0.5400586248342173
37.0,0.5406095747535247
38.0,0.5411874701623574
39.0,0.5427516982477943
40.0,0.5438639410705982
41.0,0.5453038126042563
42.0,0.5479401391052892
43.0,0.5492724310251196
44.0,0.5505033991208684
45.0,0.5515179564015118
46.0,0.5522946533194677
47.0,0.552783484937234
48.0,0.5529482289698404
49.0,0.5528071844899216
50.0,0.5524324230818058
51.0,0.5518572895583288
52.0,0.5512113856418192
53.0,0.5505424594298468
54.0,0.5499029470828034
55.0,0.5489361213662672
56.0,0.5485187518119602
57.0,0.5481798193351799
58.0,0.5478747935291183
59.0,0.5474528910797319
60.0,0.5471797988894229
61.0,0.5467415023577846
62.0,0.5465056554954492
63.0,0.5461052268463008
64.0,0.545844909171397
65.0,0.5452607583010494
66.0,0.5449190675724211
67.0,0.5441947432368296
68.0,0.5437831539684921
69.0,0.5429200481906721
70.0,0.5421923997211662
71.0,0.5415013885335299
72.0,0.5408660226718435
73.0,0.5402634980501358
74.0,0.5396999139843955
75.0,0.5391710334399722
76.0,0.5386881809322498
77.0,0.5382576093426009
78.0,0.5379291406265169
79.0,0.5376441420480272
80.0,0.5375028969749595
81.0,0.5373123166064505
82.0,0.5372503138213213
83.0,0.5372254484976666
84.0,0.5372668095742654
85.0,0.5374546324193489
86.0,0.5376135334447524
87.0,0.5380347068915592
88.0,0.5383158643731788
89.0,0.5389687013606292
90.0,0.5393461119415455
91.0,0.540162255810926
92.0,0.5406055153410669
93.0,0.5415437955430339
94.0,0.5420328704578736
95.0,0.5430593927631165
96.0,0.5439019789518141
97.0,0.5447253456538627
98.0,0.5455241227229699
99.0,0.5463278146021513
100.0,0.5471368863900802
101.0,0.5479537530135534
102.0,0.5487892419491511
103.0,0.5496395544895761
104.0,0.5505133564675857
105.0,0.5514011017451094
106.0,0.552302610704248
107.0,0.5532047638628439
108.0,0.554108250984098
109.0,0.5550253718268522
110.0,0.5559499317466282
111.0,0.5568668066573317
112.0,0.5577962330071187
113.0,0.5587136262110106
114.0,0.5596177861959971
115.0,0.5605142008982318
116.0,0.5613853460477026
117.0,0.5622477930117582
118.0,0.563109721631198
119.0,0.563998147724331
120.0,0.5648692543404898
121.0,0.565732302690022
122.0,0.5665664810522312
123.0,0.5674025616093223
124.0,0.5682000360385496
125.0,0.5689819504295686
126.0,0.5697424734479536
127.0,0.5704876416357563
128.0,0.5712116715371823
129.0,0.5719102622840979
130.0,0.5725645354857187
131.0,0.5731803840880737
132.0,0.5737640801154053
133.0,0.5743151821849904
134.0,0.5748334760166508
135.0,0.5753178742880249
136.0,0.5757732883219943
137.0,0.57619859894383
138.0,0.5765846395733709
139.0,0.5769437350823526
140.0,0.5772774728503723
141.0,0.5775799580372242
142.0,0.5778537681604834
143.0,0.5781017944465128
144.0,0.5782398073292837
145.0,0.5785156802545119
146.0,0.5786460299786018
147.0,0.5788776793168283
148.0,0.5789828414908802
149.0,0.5790870253036094
150.0,0.5792510388898232
151.0,0.5793119111663577
152.0,0.5793589230538089
153.0,0.5794118687314997
154.0,0.5794148545105895
155.0,0.5793926153027584
156.0,0.5793616224929502
157.0,0.5792844654652779
158.0,0.579235360745324
159.0,0.5791375414386417
160.0,0.5790767937964733
161.0,0.5789574449487486
162.0,0.5788891405055926
163.0,0.5787533997165366
164.0,0.5786755705945512
165.0,0.5785297382725714
166.0,0.5784439683254432
167.0,0.5782616248006565
168.0,0.5781610946279354
169.0,0.5779543940928343
170.0,0.5778432532209263
171.0,0.5776167615876588
172.0,0.5775047468687537
173.0,0.5772644799108936
174.0,0.5771493966246375
175.0,0.5770122737264366
176.0,0.5768584047096968
177.0,0.5765711894002248
178.0,0.5764561563491485
179.0,0.5763219983594396
180.0,0.5760584333598335
181.0,0.5759550662886777
182.0,0.5758323317301756
183.0,0.5756983884382201
184.0,0.5754614454830715
185.0,0.5753652356072309
186.0,0.5752551771714642
187.0,0.5751325629696967
188.0,0.5749999537568247
189.0,0.5748725295880387
190.0,0.574670147322457
191.0,0.5745956106158345
192.0,0.5745192263677574
193.0,0.5744424766321822
194.0,0.574367433400591
195.0,0.574295003402293
196.0,0.5742250117025491
197.0,0.5741593547597894
198.0,0.5740990224206242
199.0,0.574048509084749
200.0,0.5740085431557569
201.0,0.5739765128234904
202.0,0.573953623985612
203.0,0.5739403969095882
204.0,0.5739369631536155
205.0,0.5739389243952533
206.0,0.5739547183036317
207.0,0.5739788640782516
208.0,0.5740111759909036
209.0,0.5740500789643304
210.0,0.5740965716697406
211.0,0.5741505119290644
212.0,0.5742148789470765
213.0,0.5742861739157313
214.0,0.5743612083028814
215.0,0.5744464004734454
216.0,0.5745326387964492
217.0,0.574627567630662
218.0,0.5747276258977974
219.0,0.574837770005798
220.0,0.5749509778442059
221.0,0.5750647632344005
222.0,0.5752858022395023
223.0,0.5753716476761687
224.0,0.5754696718214698
225.0,0.5756695092929399
226.0,0.5757643475775098
227.0,0.575969803092331
228.0,0.5760638516813943
229.0,0.576290946445847
230.0,0.576384323230492
231.0,0.5766146957415292
232.0,0.5767159371449868
233.0,0.5769501917660145
234.0,0.5770602016705677
235.0,0.5773278114394627
236.0,0.5774455803397306
237.0,0.5777278511661212
238.0,0.5778486832613904
239.0,0.5781288925206579
240.0,0.5783392658993174
241.0,0.5785505376433372
242.0,0.578670700665795
243.0,0.5789949166403717
244.0,0.5791096175286866
245.0,0.579396283124889
246.0,0.5796153878743214
247.0,0.5798263782725712
248.0,0.5800357596965603
249.0,0.5802765802904436
250.0,0.5805085954889936
251.0,0.5807163821811684
252.0,0.580952713394545
253.0,0.5811947883547938
254.0,0.5814048594675638
255.0,0.5816518796058276
256.0,0.581891636009232
257.0,0.5821420818651328
258.0,0.5823795988574189
259.0,0.5826222255685936
260.0,0.5828779893328804
261.0,0.5831115714343834
262.0,0.5833712517650953
263.0,0.5835824479514491
264.0,0.5838176873981935
265.0,0.5840728623171185
266.0,0.5843266311727456
267.0,0.5845881703528747
268.0,0.5848403719247893
269.0,0.5850872592758495
270.0,0.5853177179841261
271.0,0.5855613567729221
272.0,0.5858226245512111
273.0,0.5861582727932956
274.0,0.5862525629955065
275.0,0.5865407221357531
276.0,0.5868133474020973
277.0,0.5870077166168722
278.0,0.5872492782519765
279.0,0.587509873432164
280.0,0.5877749008091441
281.0,0.588045929646054
282.0,0.5882876224017196
283.0,0.5885266057579676
284.0,0.588780539765048
285.0,0.5890203082503221
286.0,0.5893422576067336
287.0,0.589434989394494
288.0,0.589709700452471
289.0,0.5899370855900714
290.0,0.5902772592434452
291.0,0.5903864238218961
292.0,0.5906943211024279
293.0,0.5909134813856691
294.0,0.5911777512469887
295.0,0.5914230902668133
296.0,0.5916981690017028
297.0,0.5918856592687785
298.0,0.5921310758077668
299.0,0.592352982529235
300.0,0.5926088856631672
301.0,0.5928213326960284
302.0,0.5930626109286443
303.0,0.5932696021416854
304.0,0.5934959155447047
305.0,0.5937206258808818
306.0,0.5939709607305188
307.0,0.5942170617376361
308.0,0.5944704729793309
309.0,0.5946667916594442
310.0,0.5948969482938373
311.0,0.5951091887158803
312.0,0.595312068635842
313.0,0.5955509113662529
314.0,0.5957883837257627
315.0,0.5960026435674848
316.0,0.5962328094213316
317.0,0.596448453885712
318.0,0.5966490851207091
319.0,0.5968601401049789
320.0,0.5970782719409694
321.0,0.5972795189077151
322.0,0.5975268477706864
323.0,0.5977359765525243
324.0,0.598001365662659
325.0,0.5981006915676844
326.0,0.5983725631219506
327.0,0.59856466921351
328.0,0.598770010116743
329.0,0.598994743883664
330.0,0.599218335656569
331.0,0.5993933205853904
332.0,0.5995988676640275
333.0,0.5998305743072144
334.0,0.6000497215245373
335.0,0.6001394681542717
336.0,0.6004294569336677
337.0,0.6005212248737716
338.0,0.6007586726963022
339.0,0.6009750141953878
340.0,0.6012476436191153
341.0,0.6013378924028379
342.0,0.6016300418965734
343.0,0.6017152046063124
344.0,0.6019450471878496
345.0,0.6021291643833215
346.0,0.602323559008184
347.0,0.6025064562559016
348.0,0.602677655043291
349.0,0.6029227320231102
350.0,0.6029970404254259
351.0,0.6031996808987422
352.0,0.6033785377474413
353.0,0.6035550326627016
354.0,0.6037503740771436
355.0,0.6040621232716158
356.0,0.6041081357902082
357.0,0.6041897777861136
358.0,0.6044463999244144
359.0,0.6045236150698636
360.0,0.6047398502682728
361.0,0.6049162627895053
362.0,0.605020705499168
363.0,0.6052773020301655
364.0,0.6054369324395781
365.0,0.605596567872533
366.0,0.6057560427428943
367.0,0.6058511701801121
368.0,0.6061341824124867
369.0,0.6061955813704789
370.0,0.6062823736158505
371.0,0.6066018455449248
372.0,0.6066597805428369
373.0,0.6068056747185125
374.0,0.6068826022791665
375.0,0.6070928129005989
376.0,0.607179258936969
377.0,0.6073826559774896
378.0,0.6074771485592451
379.0,0.6077054272284095
380.0,0.6077873221823329
381.0,0.6079745047289774
382.0,0.6080586294669686
383.0,0.608324864574641
384.0,0.6083720468327634
385.0,0.6084377743968532
386.0,0.6085251001313277
387.0,0.6087338402297375
388.0,0.6088176318960019
389.0,0.6089923454483506
390.0,0.6091303877089329
391.0,0.609220089361913
392.0,0.6094246328378353
393.0,0.6094930910083176
394.0,0.6095770892576808
395.0,0.6097716642867006
396.0,0.6098431921020596
397.0,0.609932239201392
398.0,0.6101127296399338
399.0,0.6101882832329757
400.0,0.6102763906654266
401.0,0.6104690133994524
402.0,0.6105430525057965
403.0,0.610626013569677
404.0,0.610723825869438
405.0,0.6109043825366743
406.0,0.6109780062987277
407.0,0.6110580232933519
408.0,0.6112315844141876
409.0,0.6112968930199509
410.0,0.6113711373957624
411.0,0.6114549894868504
412.0,0.6117569688794554
413.0,0.6117801661580413
414.0,0.6118086007825714
415.0,0.6118519066404283
416.0,0.6119132770082157
417.0,0.6119969651520353
418.0,0.6120964979058482
419.0,0.612274577470512
420.0,0.6123543839463579
421.0,0.6124404846128547
422.0,0.6125275558247862
423.0,0.6126117618798811
424.0,0.6127639337190319
425.0,0.6128259067321387
426.0,0.6128959019904658
427.0,0.6129622898066485
428.0,0.6130423756617385
429.0,0.6131206085347164
430.0,0.6132003497271381
431.0,0.6132838118417885
432.0,0.6133686240693483
433.0,0.6134473357196918
434.0,0.6135287420274161
435.0,0.613605032527341
436.0,0.6136815921403675
437.0,0.6137582523878802
438.0,0.6138342570880683
439.0,0.6139085840265918
440.0,0.6139873813772627
441.0,0.6140615796942338
442.0,0.6141332286207019
443.0,0.6142061828992952
444.0,0.6142782874777309
445.0,0.6143458044982841
446.0,0.6144102566375182
447.0,0.6144779849674303
448.0,0.6145489562900415
449.0,0.6146149056519652
450.0,0.6146822459889247
451.0,0.6147458107992394
452.0,0.6148114999539955
453.0,0.614879130810883
454.0,0.6149410577120031
455.0,0.6150069369863157
456.0,0.6150719253937479
457.0,0.6151369576434461
458.0,0.6152022270899472
459.0,0.6152679283878768
460.0,0.6153301988511628
461.0,0.6153915039044994
462.0,0.6154481869698297
463.0,0.6155041435283398
464.0,0.6155588415125596
465.0,0.6156136934648191
466.0,0.6156667756666964
467.0,0.6157218433095925
468.0,0.6157789297226869
469.0,0.615836589569684
470.0,0.6158930698863483
471.0,0.6159473081246533
472.0,0.6159994151943524
473.0,0.6160503495054924
474.0,0.6161067264623288
475.0,0.6161641808694155
476.0,0.6162181245874725
477.0,0.6162708739018199
478.0,0.6163195015073684
479.0,0.6163652588054317
480.0,0.6164140437391298
481.0,0.6164635799478665
482.0,0.6165138604043827
483.0,0.6165613690407135
484.0,0.6166118800441124
485.0,0.6166585497277269
486.0,0.6166780153447604
487.0,0.6167381738424746
488.0,0.6167962210559802
489.0,0.6168540642550278
490.0,0.6169074430927473
491.0,0.6169550226329427
492.0,0.6170013326638096
493.0,0.6170429357057899
494.0,0.6170859664244196
495.0,0.6171254579293273
496.0,0.6171648001679433
497.0,0.6172060617868593
498.0,0.6172482775401865
499.0,0.6172908576921352
500.0,0.6173073365244072
501.0,0.6173562820626097
502.0,0.6174053571790958
503.0,0.6174559088470929
504.0,0.6175061164782538
505.0,0.6175506191384447
506.0,0.6175674088790762
507.0,0.6176136400813063
508.0,0.6176580209774217
509.0,0.6176751410379766
510.0,0.6177219165774752
511.0,0.6177402019218693
512.0,0.617793309397788
513.0,0.6178455480870795
514.0,0.6178645354032806
515.0,0.617915704735875
516.0,0.6179653589177
517.0,0.6179820580460642
518.0,0.6180286233577179
519.0,0.6180699104997011
520.0,0.6181076199641724
521.0,0.6181201168898138
522.0,0.6181538418859267
523.0,0.6181672416060129
524.0,0.6182060810047358
525.0,0.6182211932674706
526.0,0.6182668644693191
527.0,0.6183102645509795
528.0,0.6183270156328129
529.0,0.618373055307869
530.0,0.6184153027442034
531.0,0.6184308027274448
532.0,0.6184735691389988
533.0,0.6184893999548109
534.0,0.6185348862342794
535.0,0.6185774294707511
536.0,0.6185908132961581
537.0,0.6186046592433537
538.0,0.6186195875528101
539.0,0.6186616854484717
540.0,0.6186768986746451
541.0,0.6187200413425056
542.0,0.6187347619076371
543.0,0.6187750971673247
544.0,0.6188102990147996
545.0,0.6188224210075509
546.0,0.6188351950158121
547.0,0.6188698907571043
548.0,0.6188826748546511
549.0,0.6189182279293495
550.0,0.6189308286218964
551.0,0.618945387721341
552.0,0.6189862925523502
553.0,0.6190005915867206
554.0,0.6190400075869863
555.0,0.6190532571097738
556.0,0.6190671992292646
557.0,0.6190821487455382
558.0,0.6190984702160828
559.0,0.6191426232484161
560.0,0.6191582885918562
561.0,0.6191994185762052
562.0,0.619213250665254
563.0,0.6192272524679528
564.0,0.6192417452914145
565.0,0.6192792185045369
566.0,0.619292585728678
567.0,0.6193063019932377
568.0,0.619320641845378
569.0,0.6193600978154459
570.0,0.619373071645495
571.0,0.6193863991380434
572.0,0.6194002998444536
573.0,0.6194381557582922
574.0,0.6194507465564135
575.0,0.619482805062931
576.0,0.619493759963018
577.0,0.6195049126079265
578.0,0.6195348728218238
579.0,0.6195451629179746
580.0,0.6195559814271558
581.0,0.6195675892923305
582.0,0.6195802659365184
583.0,0.6196168555091762
584.0,0.6196289584769016
585.0,0.6196416045429451
586.0,0.6196755095885947
587.0,0.6196871059422091
588.0,0.6197194326694287
589.0,0.6197291293510269
590.0,0.6197389819058828
591.0,0.6197666627034227
592.0,0.619775630336029
593.0,0.6197850743726918
594.0,0.6198120004085034
595.0,0.61982110225844
596.0,0.6198308947701332
597.0,0.6198416915934248
598.0,0.619872661193579
599.0,0.6198832233651704
600.0,0.6198945855463855
601.0,0.6199067419226885
602.0,0.6199198178783175
603.0,0.6199338905776598
604.0,0.6199487717698214
605.0,0.6199877877726823
606.0,0.620001159282628
607.0,0.6200144256162213
608.0,0.6200276313764288
609.0,0.6200409834106303
610.0,0.6200544871252406
611.0,0.620068215273529
612.0,0.6201034322430649
613.0,0.6201148238625596
614.0,0.6201430464465046
615.0,0.6201516260458558
616.0,0.6201597260749029
617.0,0.6201804524950335
618.0,0.6201871687117816
619.0,0.6201940551968025
620.0,0.6202014504893577
621.0,0.6202096145658802
622.0,0.6202187280719024
623.0,0.6202446102308345
624.0,0.6202540120482936
625.0,0.6202640892597433
626.0,0.6202748856979814
627.0,0.6202864499176843
628.0,0.6202988469638309
629.0,0.620311972845149
630.0,0.6203257459748388
631.0,0.6203399949647349
632.0,0.6203759502941029
633.0,0.6203878054226135
634.0,0.620417664397483
635.0,0.6204262416694735
636.0,0.6204341630037233
637.0,0.6204416437903691
638.0,0.6204490627474876
639.0,0.6204566227305851
640.0,0.6204645701791728
641.0,0.6204870431272231
642.0,0.6204945547777528
643.0,0.6205023539010722
644.0,0.6205106807832332
645.0,0.6205196398940585
646.0,0.6205293429291342
647.0,0.6205397666424016
648.0,0.6205509322665389
649.0,0.620580851698519
650.0,0.6205906885811251
651.0,0.6206004963298379
652.0,0.6206103720098464
653.0,0.6206203896976378
654.0,0.6206306040451046
655.0,0.6206569746632379
656.0,0.6206655062043481
657.0,0.6206737575005361
658.0,0.6206954255611732
659.0,0.6207020258860236
660.0,0.6207084542443774
661.0,0.620714997582592
662.0,0.6207218637632511
663.0,0.6207291902448845
664.0,0.62073710724264
665.0,0.62074569370657
666.0,0.6207549563392034
667.0,0.6207649077232494
668.0,0.6207754726536663
669.0,0.6207864805148138
670.0,0.6208153526118685
671.0,0.6208247995992751
672.0,0.6208339900296855
673.0,0.6208430409734645
674.0,0.6208519087015877
675.0,0.6208607092999404
676.0,0.6208819143878452
677.0,0.6208890257889238
678.0,0.6208958506175685
679.0,0.6209025626216049
680.0,0.6209093306515366
681.0,0.6209163785699585
682.0,0.6209236882119306
683.0,0.620931347720898
684.0,0.6209394637922898
685.0,0.620961412249501
686.0,0.620968641251474
687.0,0.6209758648339359
688.0,0.6209832465467635
689.0,0.6210038168900112
690.0,0.6210098549817079
691.0,0.6210158469786329
692.0,0.6210218220839108
693.0,0.6210280770883284
694.0,0.6210346396020252
695.0,0.6210415913674436
696.0,0.6210489852759464
697.0,0.6210568432383516
698.0,0.6210651000908942
699.0,0.6210738466743293
700.0,0.6210829338908826
701.0,0.621092265012544
702.0,0.6211017502035683
703.0,0.6211113682680295
704.0,0.6211210488052982
705.0,0.621130675766725
706.0,0.6211401868181581
707.0,0.6211494249353506
708.0,0.6211584120793484
709.0,0.6211671434255283
710.0,0.6211882617936224
711.0,0.621194727421619
712.0,0.6212005113540158
713.0,0.6212058716050941
714.0,0.6212109961999672
715.0,0.6212159571956495
716.0,0.6212209723381971
717.0,0.621226129613654
718.0,0.6212315443694527
719.0,0.6212461327444367
720.0,0.6212510537506606
721.0,0.6212560457057773
722.0,0.6212613135657982
723.0,0.6212669400676053
724.0,0.6212728801952778
725.0,0.6212791794283901
726.0,0.6212858481825004
727.0,0.6212928780483228
728.0,0.6213002091662915
729.0,0.6213077672334621
730.0,0.6213154937217154
731.0,0.621323414301578
732.0,0.6213313189915192
733.0,0.6213392809731604
734.0,0.6213471782101706
735.0,0.6213549251261611
736.0,0.6213625176875914
737.0,0.6213699403293315
738.0,0.621377242750992
739.0,0.6213842858390302
740.0,0.6213911125774302
741.0,0.6213976834348531
742.0,0.6214040934056382
743.0,0.6214103499898317
744.0,0.6214164610802109
745.0,0.6214224375128224
746.0,0.621428294326599
747.0,0.6214340801135897
748.0,0.6214398384101829
749.0,0.6214455554566204
750.0,0.621451302229133
751.0,0.6214570696605124
752.0,0.6214628748146009
753.0,0.6214782215178464
754.0,0.6214828489141497
755.0,0.621487250547773
756.0,0.6214915462514203
757.0,0.6214957626698349
758.0,0.621500035027738
759.0,0.6215044134623157
760.0,0.6215089190097693
761.0,0.6215136355874976
762.0,0.6215186083812739
763.0,0.62152381874417
764.0,0.621529263921912
765.0,0.6215349449263238
766.0,0.6215408202228472
767.0,0.6215468493762019
768.0,0.6215530224164483
769.0,0.6215592322481305
770.0,0.6215655308076934
771.0,0.6215717995103439
772.0,0.6215779835011561
773.0,0.621584057813182
774.0,0.6215900443750724
775.0,0.6215958291330934
776.0,0.6216014121158713
777.0,0.621606826235317
778.0,0.621612075682044
779.0,0.6216171956832379
780.0,0.6216221651079167
781.0,0.6216269821621432
782.0,0.6216317401991058
783.0,0.6216363770076777
784.0,0.6216408982682791
785.0,0.6216454183401853
786.0,0.6216499334271827
787.0,0.6216544672332924
788.0,0.6216589721799394
789.0,0.6216634726763963
790.0,0.6216679822630681
791.0,0.6216724636640065
792.0,0.6216769844740259
793.0,0.6216815102110071
794.0,0.6216860394194925
795.0,0.6216906067220039
796.0,0.6216951602945712
797.0,0.6216997778569553
798.0,0.6217044087999295
799.0,0.6217090140433862
800.0,0.6217135720077049
801.0,0.6217180664434953
802.0,0.6217225980974913
803.0,0.6217270693474487
804.0,0.6217314908103837
805.0,0.6217358807814227
806.0,0.6217402178353567
807.0,0.6217444853946826
808.0,0.6217486952742028
809.0,0.6217528723015733
810.0,0.621756975610556
811.0,0.6217610358401545
812.0,0.6217650663611857
813.0,0.621769073444027
814.0,0.6217730428041613
815.0,0.6217770714863274
816.0,0.6217810757328174
817.0,0.6217850716429516
818.0,0.6217891092300347
819.0,0.6217931515081118
820.0,0.6217971970077523
821.0,0.6218012549371325
822.0,0.621805304441371
823.0,0.6218093519396166
824.0,0.6218133597290152
825.0,0.6218173175580812
826.0,0.6218212789027784
827.0,0.6218251716656699
828.0,0.6218289894300271
829.0,0.6218327468074183
830.0,0.62183641885376
831.0,0.6218400742079899
832.0,0.6218436511326036
833.0,0.621847185376173
834.0,0.6218506613491158
835.0,0.621854094402681
836.0,0.6218574868668347
837.0,0.6218608350712869
838.0,0.6218640880422471
839.0,0.6218673393933645
840.0,0.6218705598524884
841.0,0.6218737585388504
842.0,0.6218769727660073
843.0,0.6218802315584409
844.0,0.6218834783201415
845.0,0.6218867810629614
846.0,0.6218900890536968
847.0,0.6218933257564615
848.0,0.6218965979436071
849.0,0.6218998999770942
850.0,0.6219032509334397
851.0,0.6219066176470586
852.0,0.621909993902527
853.0,0.621913381214044
854.0,0.6219167988177319
855.0,0.6219201798729663
856.0,0.6219235455762347
857.0,0.6219268967489687
858.0,0.6219301964437863
859.0,0.6219334624677572
860.0,0.6219366604705513
861.0,0.6219398094434122
862.0,0.6219428823236878
863.0,0.6219458937129588
864.0,0.6219488068345203
865.0,0.6219516771074491
866.0,0.6219544892063502
867.0,0.6219572360594585
868.0,0.6219599182583274
869.0,0.6219625318344777
870.0,0.6219651229239861
871.0,0.6219676753733646
872.0,0.6219702118150743
873.0,0.6219727174856765
874.0,0.6219752382527775
875.0,0.6219777626826698
876.0,0.6219802844900685
877.0,0.6219828421675428
878.0,0.621985444851207
879.0,0.6219879989889808
880.0,0.621990542245721
881.0,0.6219931067383457
882.0,0.6219956749129988
883.0,0.6219982387222568
884.0,0.6220008111207244
885.0,0.6220034112801628
886.0,0.6220060310299511
887.0,0.6220086762206929
888.0,0.6220113485378004
889.0,0.6220140205953912
890.0,0.6220167096387575
891.0,0.6220193989213932
892.0,0.6220220741777767
893.0,0.6220247905171786
894.0,0.6220274857903915
895.0,0.6220301190136869
896.0,0.6220326940698016
897.0,0.6220352468994567
898.0,0.6220377585548401
899.0,0.6220402357702957
900.0,0.622042669870078
901.0,0.6220451035499799
902.0,0.6220475158743798
903.0,0.6220498717520829
904.0,0.6220521665363233
905.0,0.6220544230562205
906.0,0.6220566612233129
907.0,0.622058857085253
908.0,0.6220610408351895
909.0,0.6220632058779924
910.0,0.6220653315032992
911.0,0.6220674887946928
912.0,0.6220696178700158
913.0,0.6220717040566338
914.0,0.622073781546663
915.0,0.6220758017767524
916.0,0.6220778408653481
917.0,0.6220798296573857
918.0,0.6220818171479963
919.0,0.6220838118670581
920.0,0.6220858257399193
921.0,0.6220878757419553
922.0,0.6220899037203171
923.0,0.6220919568722945
924.0,0.622093967298
925.0,0.6220959700030477
926.0,0.6220979700697268
927.0,0.6220999779900821
928.0,0.6221019638532799
929.0,0.6221039425450954
930.0,0.6221059488404119
931.0,0.6221079401302059
932.0,0.622109887903116
933.0,0.6221117869380357
934.0,0.622113715797821
935.0,0.622115594243498
936.0,0.6221204328392641
937.0,0.6221218983668901
938.0,0.6221232703070831
939.0,0.6221245203059125
940.0,0.6221257536227626
941.0,0.6221269555357795
942.0,0.6221281906529442
943.0,0.6221294710802734
944.0,0.6221308295399318
945.0,0.6221322456144516
946.0,0.6221337896489969
947.0,0.6221354184182658
948.0,0.6221371297443727
949.0,0.6221389378558944
950.0,0.6221408440614253
951.0,0.6221428294986076
952.0,0.6221448214971719
953.0,0.6221468412096605
954.0,0.6221488565041038
955.0,0.6221508592886013
956.0,0.622152796817967
957.0,0.6221547219174405
958.0,0.6221565823898378
959.0,0.6221584101292471
960.0,0.6221602030465402
961.0,0.622161949001029
962.0,0.6221636313907505
963.0,0.622165261042545
964.0,0.6221668584984467
965.0,0.6221684161050415
966.0,0.6221698980458363
967.0,0.62217133168847
968.0,0.6221727635187639
969.0,0.6221741663159843
970.0,0.6221755420957973
971.0,0.6221768773836653
972.0,0.6221781728353295
973.0,0.6221794599093786
974.0,0.6221807278783522
975.0,0.6221820071506459
976.0,0.622183313453297
977.0,0.6221845973441633
978.0,0.6221858728444676
979.0,0.6221871525268597
980.0,0.6221884194093962
981.0,0.6221897121721931
982.0,0.6221910088576453
983.0,0.6221923198369983
984.0,0.6221936394659985
985.0,0.6221949334677297
986.0,0.6221962245600672
987.0,0.6221974972116464
988.0,0.6221987883207607
989.0,0.6222000986346201
990.0,0.6222014703115581
991.0,0.6222028592530295
992.0,0.6222042595411557
993.0,0.6222056751507051
994.0,0.6222070873651552
995.0,0.6222084879459204
996.0,0.6222098625701319
997.0,0.6222112446203042
998.0,0.6222125957331697
999.0,0.6222140316851281
1000.0,0.6222154450426408
1001.0,0.6222168287737643
1002.0,0.6222181932346008
1003.0,0.6222194778798718
1004.0,0.6222206880077255
1005.0,0.622221849663422
1006.0,0.6222229883712165
1007.0,0.6222240937961849
1008.0,0.622225138508323
1009.0,0.6222261434021568
1010.0,0.6222271582558412
1011.0,0.6222281309357475
1012.0,0.6222291286506391
1013.0,0.6222301110336222
1014.0,0.6222310892214138
1015.0,0.6222320801829996
1016.0,0.6222331016744671
1017.0,0.6222341385290624
1018.0,0.6222351827574221
1019.0,0.6222362297529079
1020.0,0.6222373539797607
1021.0,0.6222385012754272
1022.0,0.6222396074679994
1023.0,0.6222406700171792
1024.0,0.6222417423029998
1025.0,0.6222428332416609
1026.0,0.6222438818852205
1027.0,0.6222449638039215
1028.0,0.622246021160433
1029.0,0.6222470518631006
1030.0,0.6222480891610797
1031.0,0.6222491325133914
1032.0,0.6222501994654636
1033.0,0.6222512606958314
1034.0,0.6222523206554044
1035.0,0.6222534329804542
1036.0,0.6222545082166303
1037.0,0.6222555296552481
1038.0,0.6222565405588122
1039.0,0.6222575744086712
1040.0,0.6222585909802963
1041.0,0.6222595744528251
1042.0,0.6222605563869492
1043.0,0.6222615432461359
1044.0,0.6222624941979161
1045.0,0.6222633871596122
1046.0,0.6222642421518025
1047.0,0.622265066228725
1048.0,0.6222658839334968
1049.0,0.6222666668197249
1050.0,0.6222674888987325
1051.0,0.6222682885058282
1052.0,0.6222691486703293
1053.0,0.6222700185085204
1054.0,0.6222709502579797
1055.0,0.622271875423714
1056.0,0.6222728029669596
1057.0,0.6222737400618462
1058.0,0.6222746898163921
1059.0,0.6222756379400435
1060.0,0.6222766002871937
1061.0,0.6222775681279631
1062.0,0.6222785164572519
1063.0,0.6222794747991127
1064.0,0.6222803800232788
1065.0,0.6222812916859446
1066.0,0.6222821823362013
1067.0,0.6222830648077612
1068.0,0.6222839474678638
1069.0,0.6222847838158535
1070.0,0.6222856208161918
1071.0,0.6222864392132433
1072.0,0.6222872147946278
1073.0,0.6222879810627814
1074.0,0.6222887513390599
1075.0,0.6222895190516798
1076.0,0.6222903180159153
1077.0,0.6222911248037866
1078.0,0.6222919332816247
1079.0,0.6222927635537151
1080.0,0.6222936196463557
1081.0,0.6222944456022033
1082.0,0.6222952480730605
1083.0,0.6222960244146589
1084.0,0.6222967400975838
1085.0,0.6222974371571853
1086.0,0.6222981287693324
1087.0,0.6222988081639828
1088.0,0.6222994762287837
1089.0,0.6223001524458228
1090.0,0.6223008130339635
1091.0,0.6223014071527961
1092.0,0.6223019698218858
1093.0,0.6223025036134321
1094.0,0.6223030284786986
1095.0,0.6223035481630826
1096.0,0.6223040699454329
1097.0,0.6223045914266746
1098.0,0.622305128013493
1099.0,0.6223056948497327
1100.0,0.6223062671496651
1101.0,0.6223068854791243
1102.0,0.6223075274114023
1103.0,0.6223082102182067
1104.0,0.6223089213032825
1105.0,0.6223096583474917
1106.0,0.6223104070470191
1107.0,0.622311168461099
1108.0,0.6223119426085831
1109.0,0.6223127192289912
1110.0,0.6223135362561101
1111.0,0.6223143110696223
1112.0,0.62231506958653
1113.0,0.6223157956434097
1114.0,0.6223165022706262
1115.0,0.622317155398727
1116.0,0.6223177900346735
1117.0,0.6223184130607222
1118.0,0.6223190106814945
1119.0,0.6223195897069282
1120.0,0.6223201920507101
1121.0,0.6223207350075798
1122.0,0.622321249425351
1123.0,0.6223217633348246
1124.0,0.6223223069437189
1125.0,0.6223228167448743
1126.0,0.6223232816924282
1127.0,0.6223237427220258
1128.0,0.6223241629470996
1129.0,0.6223246096091811
1130.0,0.6223250431246844
1131.0,0.6223254679823391
1132.0,0.6223258707263484
1133.0,0.6223262790446392
1134.0,0.622326652444552
1135.0,0.6223270515957
1136.0,0.6223274520576143
1137.0,0.6223278347514543
1138.0,0.622328198445814
1139.0,0.6223285734685904
1140.0,0.6223289435185669
1141.0,0.6223293701827793
1142.0,0.622329821592946
1143.0,0.6223302862281785
1144.0,0.6223307905533058
1145.0,0.6223313264984881
1146.0,0.6223319125908716
1147.0,0.6223325682976512
1148.0,0.6223332788840267
1149.0,0.6223339912327558
1150.0,0.6223347302758364
1151.0,0.6223355141094818
1152.0,0.622336268845945
1153.0,0.6223370311448656
1154.0,0.6223377787283125
1155.0,0.6223384699199112
1156.0,0.6223391418178109
1157.0,0.6223397755837065
1158.0,0.6223403720060601
1159.0,0.6223409327947433
1160.0,0.6223414133864129
1161.0,0.6223418213944572
1162.0,0.6223422003244302
1163.0,0.6223425009987195
1164.0,0.622342769507914
1165.0,0.6223430426869447
1166.0,0.6223432726393532
1167.0,0.6223434940363316
1168.0,0.622343687719213
1169.0,0.622343905573557
1170.0,0.6223440892706961
1171.0,0.6223443097654099
1172.0,0.6223445523888932
1173.0,0.6223448740879497
1174.0,0.6223451981344609
1175.0,0.6223456020962885
1176.0,0.6223460331610773
1177.0,0.6223464732504256
1178.0,0.6223469783226504
1179.0,0.6223475416112156
1180.0,0.622348114829884
1181.0,0.6223486474770439
1182.0,0.6223491982901228
1183.0,0.6223497113084632
1184.0,0.6223502124589202
1185.0,0.6223507369430548
1186.0,0.6223512248405924
1187.0,0.6223517380730786
1188.0,0.6223521883348085
1189.0,0.6223526388925028
1190.0,0.6223530567935593
1191.0,0.6223534420031646
1192.0,0.6223538215786719
1193.0,0.6223542183937484
1194.0,0.6223546218990758
1195.0,0.6223550043457212
1196.0,0.6223553601707805
1197.0,0.6223557135407345
1198.0,0.6223560628131646
1199.0,0.6223563966744902
1200.0,0.622356677568987
1201.0,0.6223568981164189
1202.0,0.6223570950351879
1203.0,0.6223573097568756
1204.0,0.6223575091133768
1205.0,0.622357724974582
1206.0,0.6223579103112024
1207.0,0.622358142574626
1208.0,0.6223583286719973
1209.0,0.6223585298569049
1210.0,0.6223587254831129
1211.0,0.6223589391028254
1212.0,0.6223591618333283
1213.0,0.6223594318297019
1214.0,0.6223597290601789
1215.0,0.6223600469464785
1216.0,0.6223604545215677
1217.0,0.6223608816646697
1218.0,0.6223613338877063
1219.0,0.6223617644805525
1220.0,0.6223622398393927
1221.0,0.6223627145934654
1222.0,0.6223631890659636
1223.0,0.6223636273586732
1224.0,0.6223640873866536
1225.0,0.6223645292361277
1226.0,0.6223649496747301
1227.0,0.6223654041973259
1228.0,0.6223658728688048
1229.0,0.6223663190456551
1230.0,0.6223667165423993
1231.0,0.6223671531989384
1232.0,0.6223675300966599
1233.0,0.6223679377844563
1234.0,0.6223682876495833
1235.0,0.6223686202556167
1236.0,0.6223689245861536
1237.0,0.6223692240370948
1238.0,0.622369477469008
1239.0,0.6223697223569499
1240.0,0.6223698796235696
1241.0,0.6223700168893206
1242.0,0.6223700766483307
1243.0,0.622370110062209
1244.0,0.6223701117295094
1245.0,0.6223701640455288
1246.0,0.6223701592042117
1247.0,0.622370167330001
1248.0,0.6223702119258401
1249.0,0.6223702440571802
1250.0,0.6223703053642073
1251.0,0.6223704353739978
1252.0,0.6223705551705099
1253.0,0.6223707287594371
1254.0,0.6223709211757307
1255.0,0.6223711660222417
1256.0,0.6223714196877577
1257.0,0.6223717638073831
1258.0,0.6223721035061163
1259.0,0.6223724843449939
1260.0,0.6223728688932297
1261.0,0.6223732560482031
1262.0,0.622373683619167
1263.0,0.6223740942409699
1264.0,0.6223744876907216
1265.0,0.6223749274286182
1266.0,0.6223752886473666
1267.0,0.6223756311941383
1268.0,0.6223759264595472
1269.0,0.6223761866502937
1270.0,0.6223764657606541
1271.0,0.6223766949044336
1272.0,0.6223768812242031
1273.0,0.622377045374549
1274.0,0.622377199290865
1275.0,0.622377322011033
1276.0,0.622377436019705
1277.0,0.6223775881824151
1278.0,0.6223777522632109
1279.0,0.622377899689009
1280.0,0.622378067997892
1281.0,0.6223782450872601
1282.0,0.6223784268976338
1283.0,0.6223785667148571
1284.0,0.6223787295726732
1285.0,0.622378906841647
1286.0,0.622379100829994
1287.0,0.6223792383135182
1288.0,0.6223794432256352
1289.0,0.6223796432116143
1290.0,0.6223798493374916
1291.0,0.6223804359387201
1292.0,0.6223806132616995
1293.0,0.6223807707267918
1294.0,0.6223808715134629
1295.0,0.6223809791241885
1296.0,0.6223811120346361
1297.0,0.622381245260397
1298.0,0.6223813698572443
1299.0,0.6223815059554895
1300.0,0.622381669038442
1301.0,0.6223818407871795
1302.0,0.6223820310583428
1303.0,0.6223821996312844
1304.0,0.6223823482829703
1305.0,0.6223825204151074
1306.0,0.6223827072801896
1307.0,0.6223828791751294
1308.0,0.6223830880056351
1309.0,0.6223832447648844
1310.0,0.6223834073915114
1311.0,0.6223835514590065
1312.0,0.6223836713761722
1313.0,0.622383738312426
1314.0,0.6223838026871341
1315.0,0.622383847071768
1316.0,0.6223839312429428
1317.0,0.6223840045969055
1318.0,0.6223841137415421
1319.0,0.622384267401609
1320.0,0.6223844182870143
1321.0,0.6223846795647647
1322.0,0.6223849740357825
1323.0,0.6223852969808867
1324.0,0.622385698357079
1325.0,0.6223861266766905
1326.0,0.6223865337425325
1327.0,0.6223868745183536
1328.0,0.622387256098102
1329.0,0.6223876041294073
1330.0,0.6223879542214596
1331.0,0.6223882636743328
1332.0,0.6223885109684846
1333.0,0.6223886646833927
1334.0,0.6223888201185882
1335.0,0.622388910010391
1336.0,0.6223890074699355
1337.0,0.6223890853408202
1338.0,0.6223891252144227
1339.0,0.6223891033651368
1340.0,0.6223891286913583
1341.0,0.6223890913601207
1342.0,0.6223890794129368
1343.0,0.6223890776741867
1344.0,0.6223891368278162
1345.0,0.6223891782694809
1346.0,0.622389227607197
1347.0,0.6223893020225798
1348.0,0.6223894198610493
1349.0,0.6223895119906883
1350.0,0.622389654818713
1351.0,0.6223898191018802
1352.0,0.6223899089136139
1353.0,0.6223900114742075
1354.0,0.6223901111094311
1355.0,0.6223902446882281
1356.0,0.6223903396931649
1357.0,0.6223904462967231
1358.0,0.6223905364575284
1359.0,0.6223905926318504
1360.0,0.6223906746347609
1361.0,0.6223907405642192
1362.0,0.6223908002016553
1363.0,0.6223908136105146
1364.0,0.6223908012741703
1365.0,0.6223908070642475
1366.0,0.622390821013925
1367.0,0.6223908228471768
1368.0,0.6223908826524799
1369.0,0.6223909444127297
1370.0,0.6223910548266327
1371.0,0.6223912049401717
1372.0,0.6223913926008436
1373.0,0.6223915894236403
1374.0,0.6223918221615031
1375.0,0.6223920773704196
1376.0,0.6223923571010448
1377.0,0.6223926392795744
1378.0,0.6223929298582725
1379.0,0.622393238411673
1380.0,0.6223935742315697
1381.0,0.6223939297642805
1382.0,0.6223942858112663
1383.0,0.6223946145836657
1384.0,0.6223948858673369
1385.0,0.6223951544421408
1386.0,0.622395347514664
1387.0,0.6223955224730015
1388.0,0.6223956580409653
1389.0,0.6223958087966519
1390.0,0.6223959011941035
1391.0,0.6223959826852203
1392.0,0.6223960312390611
1393.0,0.62239603512888
1394.0,0.6223960718539823
1395.0,0.622396041569089
1396.0,0.6223960059662521
1397.0,0.62239596724553
1398.0,0.6223958995502096
1399.0,0.6223958174705357
1400.0,0.6223957272778237
1401.0,0.6223956471417433
1402.0,0.6223955486111855
1403.0,0.6223954941294756
1404.0,0.6223954455031365
1405.0,0.6223954576886457
1406.0,0.6223954785950532
1407.0,0.622395495549737
1408.0,0.622395542661754
1409.0,0.622395597358789
1410.0,0.6223956592665683
1411.0,0.6223957389378441
1412.0,0.6223958633732553
1413.0,0.6223959731074759
1414.0,0.6223960564109255
1415.0,0.6223961531994624
1416.0,0.6223962626086764
1417.0,0.6223963993611864
1418.0,0.6223965349385119
1419.0,0.6223966838027761
1420.0,0.6223968705198268
1421.0,0.6223971096937855
1422.0,0.6223973222810375
1423.0,0.6223975319116956
1424.0,0.6223977371299699
1425.0,0.6223979991267096
1426.0,0.6223982521281093
1427.0,0.6223985681018406
1428.0,0.6223988453410246
1429.0,0.622399065915629
1430.0,0.6223992978392148
1431.0,0.6223994593582505
1432.0,0.6223996030913731
1433.0,0.6223997531064522
1434.0,0.6223998561475987
1435.0,0.6223999157697698
1436.0,0.6223999509690589
1437.0,0.6223999569383839
1438.0,0.622399901055155
1439.0,0.6223998485228058
1440.0,0.6223997863271683
1441.0,0.6223996764812719
1442.0,0.6223995381386423
1443.0,0.6223993747660806
1444.0,0.6223992153600468
1445.0,0.6223990410608629
1446.0,0.62239888953639
1447.0,0.6223987305080004
1448.0,0.6223986361120061
1449.0,0.6223985622734668
1450.0,0.6223985212514004
1451.0,0.6223985528871213
1452.0,0.6223986296047901
1453.0,0.622398724807904
1454.0,0.6223988942479608
1455.0,0.6223990918315745
1456.0,0.6223993182155702
1457.0,0.6223995453713885
1458.0,0.6223997644340086
1459.0,0.6223999541996638
1460.0,0.6224001977626584
1461.0,0.6224003806264667
1462.0,0.6224005788436601
1463.0,0.6224007454555295
1464.0,0.622400906100538
1465.0,0.622401052711786
1466.0,0.6224011643176
1467.0,0.6224013060687152
1468.0,0.6224014283758962
1469.0,0.622401547190933
1470.0,0.6224016396558699
1471.0,0.6224017465181171
1472.0,0.6224018634882228
1473.0,0.6224019990782873
1474.0,0.6224021164801147
1475.0,0.6224022498055293
1476.0,0.6224024083740453
1477.0,0.6224025742517978
1478.0,0.6224027089204593
1479.0,0.6224028381427634
1480.0,0.6224029688569785
1481.0,0.6224030707704378
1482.0,0.6224031340440213
1483.0,0.6224031467642835
1484.0,0.6224031449120663
1485.0,0.6224031526340539
1486.0,0.622403111993165
1487.0,0.6224030824101282
1488.0,0.6224029924549449
1489.0,0.6224028613944089
1490.0,0.6224027234736513
1491.0,0.6224025412919061
1492.0,0.6224023603788129
1493.0,0.6224021580819241
1494.0,0.6224019464579752
1495.0,0.6224017584517207
1496.0,0.6224015872243699
1497.0,0.6224013957588562
1498.0,0.6224012558512547
1499.0,0.6224011558272988
1500.0,0.6224010577634078
